volid,dateused,pubdate,birthdate,firstpub,gender,nation,allwords,logistic,realclass,prestige,trainflag,trainsize,author,title,genretags
mdp.39015009144422,1703,1703,1703,1703,,,180937,0.6055723393,1,0,1,698,"Fernández, Jerónimo.",The honour of chivalry,fic
mdp.39015030155215,1703,1703,1703,1703,,,289611,0.663373875,1,0,1,694,"La Calprenède, Gaultier de Coste,",The famous history of Cassandra,fic
mdp.39015063516804,1703,1703,1703,1703,,,46620,0.5482018195,1,0,1,698,"Boyle, Robert,","Love and religion demonstrated in the martyrdom of Theodora, and of Didymus",fic
dul1.ark+=13960=t3611qj21,1709,1709,1709,1709,,,79859,0.7633053816,1,0,1,698,"Manley,","Secret memoirs and manners of several persons of quality, of both sexes. From the New Atalantis, an island in the Mediteranean. Written originally in Italian",fic
mdp.39015067087968,1710,1710,1710,1710,,,6219,0.741472738,1,0,1,698,anonymous68,"A true and faithful account of the last distemper and death of Tom. Whigg, Esq., who departed this life on the 22d day of September last, Anno Domini 1710",fic
nnc1.cu55826229,1714,1714,1714,1714,,,44817,0.6703665245,1,0,1,698,"Lucas, Theophilus,","Memoirs of the lives, intrigues, and comical adventures of the most famous gamesters and celebrated sharpers in the reigns of Charles II, James II, William III and Queen Anne",fic
dul1.ark+=13960=t9x06zn4z,1719,1719,1719,1719,,,114931,0.8097542596,1,0,1,696,"Aulnoy,",The Prince of Carency;,fic
mdp.39015078548404,1719,1719,1719,1719,,,136642,0.7133846767,1,0,1,674,"Defoe, Daniel,","The life and strange surprizing adventures of Robinson Crusoe, of York, mariner: who lived eight and twenty years all alone in an un-inhabited island on the coast of America, near the mouth of the great river of Oroonoque; having been cast on shore by shipwreck, wherein all the men perished but himself",fic
mdp.39015078548396,1719,1719,1719,1719,,,140483,0.6945191321,1,0,1,674,"Defoe, Daniel,","The life, and strange surprizing adventures of Robinson Crusoe, of York, mariner",fic
mdp.39015028161266,1721,1721,1721,1721,,,60621,0.683563218,1,0,1,698,"La Motte,","One hundred new court fables, written for the instruction of princes, and a true knowledge of the world",fic
mdp.39015078548313,1722,1722,1722,1722,,,137401,0.6925328283,1,0,1,674,"Defoe, Daniel,","The life, and strange surprizing adventures of Robinson Crusoe, of York, mariner",fic
mdp.39015030685575,1722,1722,1722,1722,,,92994,0.8098636496,1,0,1,696,"Aulnoy,",A collection of novels and tales of the fairies,fic
nnc1.cu53345592,1725,1725,1725,1725,,,40072,0.7736520474,1,0,1,698,"Segrais, Jean Regnauld de,",The power of jealousy exemplified in two novels,fic
mdp.39015078564393,1726,1726,1726,1726,,,74565,0.4451894911,1,0,1,672,"Swift, Jonathan,",Travels into several remote nations of the world,fic
mdp.39015078566950,1726,1726,1726,1726,,,59990,0.5829278478,1,0,1,672,"Swift, Jonathan,",Travels into several remote nations of the world,fic
mdp.39015078564526,1726,1726,1726,1726,,,59789,0.5862515734,1,0,1,672,"Swift, Jonathan,",Travels into several remote nations of the world,fic
mdp.39015078568592,1727,1727,1727,1727,,,50045,0.7040335824,1,0,1,698,anonymous82,Travels into several remote nations of the world,fic
mdp.39015078564310,1727,1727,1727,1727,,,38138,0.6244297423,1,0,1,672,"Swift, Jonathan,",Travels into several remote nations of the world,fic
mdp.39015078565127,1727,1727,1727,1727,,,51824,0.6431978743,1,0,1,672,"Swift, Jonathan,",Travels into several remote nations of the world,fic
mdp.39015078564419,1727,1727,1727,1727,,,44444,0.5626745429,1,0,1,672,"Swift, Jonathan,",Travels into several remote nations of the world,fic
mdp.39015078568626,1727,1727,1727,1727,,,29392,0.6719480475,1,0,1,698,anonymous85,Memoirs of the court of Lilliput,fic
mdp.39015063581683,1729,1729,1729,1729,,,58003,0.4970266685,1,0,1,698,"Buckingham, John Sheffield,",The works of John Sheffield,fic
mdp.39015036670894,1732,1732,1732,1732,,,9344,0.6776329494,1,0,1,698,anonymous0,The fair concubine,fic
njp.32101068776283,1732,1732,1732,1732,,,125780,0.2969243703,1,0,1,698,"Terrasson, Jean,",The life of Sethos,fic
njp.32101037603568,1732,1732,1732,1732,,,69190,0.7099889075,1,0,1,698,"Oldmixon,","Court tales: or, A history of the amours of the present nobility",fic
nnc1.cu53334833,1733,1733,1733,1733,,,88808,0.7511543492,1,0,1,698,"Fontanieu, Gaspard-Moïse-Augustin de,","Rosalinda, a novel",fic
dul1.ark+=13960=t3bz6x292,1733,1733,1733,1733,,,106739,0.5874538913,1,0,1,698,"Tyssot de Patot, Simon,",The travels and adventures of James Massey,fic
ucm.5329037873,1736,1736,1736,1736,,,79701,0.7631563109,1,0,1,698,anonymous1,"Secret memoirs and manners of several persons of quality, of both sexes from the New Atlantis, Island in the Mediteranean ; written originally in italian ; Vol. II",fic
mdp.39015065800586,1736,1736,1736,1736,,,152658,0.5966073167,1,0,1,694,"La Calprenède, Gaultier de Coste,",Hymen's praeludia,fic
mdp.39015065800594,1736,1736,1736,1736,,,165568,0.6858672694,1,0,1,694,"La Calprenède, Gaultier de Coste,",Hymen's praeludia,fic
nnc1.0037104098,1739,1739,1739,1739,,,86025,0.8345455555,1,0,1,698,"Challes, Robert,",The illustrious French lovers;,fic
mdp.39015014802865,1739,1739,1739,1739,,,159177,0.7737557562,1,0,1,698,"Pétis de La Croix, François,","The Persian and Turkish tales, compleat",fic
mdp.39015063915196,1739,1739,1739,1739,,,11170,0.8564014698,1,0,1,698,"Cibber, Theophilus,",Four original letters,fic
nnc1.0113360361,1739,1739,1739,1739,,,108299,0.8086338964,1,0,1,698,"Aubin, Penelope,","A collection of entertaining histories and novels, designed to promote the cause of virtue and honour",fic
njp.32101069179248,1743,1743,1743,1743,,,134007,0.6655372526,1,0,1,698,"Gomez,",La belle assemblée,fic
mdp.39015078561266,1743,1743,1743,1743,,,110862,0.6143190794,1,0,1,674,"Defoe, Daniel,","The pleasant, and surprizing adventures of Mr. Robert Drury, during his fifteen years captivity on the island of Madagascar",fic
njp.32101074629229,1745,1745,1745,1745,,,56841,0.7151758442,1,0,1,696,"Pöllnitz, Karl Ludwig,","Les amusemens de Spa, or The gallantries of the Spaw in Germany",fic
njp.32101072914839,1745,1745,1745,1745,,,51274,0.757604859,1,0,1,698,"Caylus, Anne Claude Philippe,",Oriental tales,fic
hvd.hn3abv,1747,1747,1747,1747,,,145492,0.7603357175,1,0,1,686,"Cervantes Saavedra, Miguel de,",The life and exploits of the ingenious gentlemen Don Quixote de la Mancha,fic
mdp.39015078548719,1748,1748,1748,1748,,,56885,0.6910166338,1,0,1,698,"Berington, Simon,",The adventures of Sigr. Gaudentio di Lucca [pseud.] Being the substance of his examination before the fathers of the Inquisition at Bologna in Italy,fic
mdp.39015056795316,1749,1749,1749,1749,,,85738,0.6968798555,1,0,1,692,"Fielding, Henry,",The history of Tom Jones,fic
hvd.hn4q78,1749,1749,1749,1749,,,235928,0.7359748662,1,0,1,686,"Cervantes Saavedra, Miguel de,",The life and exploits of the ingenious gentleman Don Quixote de la Mancha,fic
mdp.39015056795308,1749,1749,1749,1749,,,54649,0.5506259602,1,0,1,692,"Fielding, Henry,",The history of Tom Jones,fic
dul1.ark+=13960=t9184177s,1749,1749,1749,1749,,,39463,0.3362874816,1,0,1,698,"Smollett, T.",The history and adventures of an atom,fic
mdp.39015059375686,1749,1749,1749,1749,,,23675,0.202593712,1,0,1,698,"Mason, John,",An essay on the power and harmony of prosaic numbers;,fic
nyp.33433074913629,1751,1751,1751,1751,,,69129,0.7762171843,1,0,1,688,"Haywood, Eliza Fowler,",The history of Miss Betsy Thoughtless,fic
nyp.33433074913645,1751,1751,1751,1751,,,72690,0.776282956,1,0,1,688,"Haywood, Eliza Fowler,",The history of Miss Betsy Thoughtless,fic
mdp.39015078564245,1751,1751,1751,1751,,,120222,0.5343193371,1,0,1,672,"Swift, Jonathan,",Travels into several remote nations of the world,fic
dul1.ark+=13960=t7sn0xk3n,1752,1752,1752,1752,,,142656,0.7407989602,1,0,1,688,"Haywood, Eliza Fowler,",The history of Miss Betsy Thoughtless,fic
dul1.ark+=13960=t58d0nd8w,1753,1753,1753,1753,,,65967,0.7619606801,1,0,1,688,"Haywood, Eliza Fowler,",The history of Jemmy and Jenny Jessamy,fic
dul1.ark+=13960=t9z03vs2q,1753,1753,1753,1753,,,74920,0.7225471101,1,0,1,688,"Haywood, Eliza Fowler,",The history of Jemmy and Jenny Jessamy,fic
mdp.39015013161057,1753,1753,1753,1753,,,90711,0.5482294437,1,0,1,698,"Hill, Aaron,",Works,fic
njp.32101037078837,1754,1754,1754,1754,,,75366,0.7746057685,1,0,1,696,"Fielding, Sarah,",The cry,fic
njp.32101037605613,1754,1754,1754,1754,,,4084,0.2137560533,1,0,1,698,"King, William,",A translation of the Latin epistle in the Dreamer,fic
nyp.33433067290571,1754,1754,1754,1754,,,82931,0.6501450084,1,0,1,672,"Swift, Jonathan,","The works of Jonathan Swift, D.D., Dean of St. Patrick's, Dublin",fic
mdp.39015069176645,1754,1754,1754,1754,,,41832,0.6671753909,1,0,1,672,"Swift, Jonathan,",The works of Dr. Jonathan Swift,fic
mdp.39015069176603,1754,1754,1754,1754,,,51295,0.7242689395,1,0,1,672,"Swift, Jonathan,",The works of Dr. Jonathan Swift,fic
nyp.33433003254269,1755,1755,1755,1755,,,233885,0.7127228818,1,0,1,686,"Cervantes Saavedra, Miguel de,",The history and adventures of the renowned Don Quixote,fic
mdp.39015068355562,1756,1756,1756,1756,,,15210,0.7154601568,1,0,1,698,anonymous32,The devil upon crutches in England;,fic
mdp.39015078548669,1756,1756,1756,1756,,,111446,0.6907388656,1,0,1,698,"Bannac, Adolphus.",The life and surprizing adventures of Crusoe Richard Davis,fic
nyp.33433074913330,1758,1758,1758,1758,,,54511,0.6426594764,1,0,1,696,"Fielding, Sarah,",The lives of Cleopatra and Octavia,fic
mdp.39015055354644,1759,1759,1759,1759,,,65303,0.7514487245,1,0,1,690,"Le Sage, Alain René,",The devil upon crutches,fic
mdp.39015055354651,1759,1759,1759,1759,,,60893,0.7451941761,1,0,1,690,"Le Sage, Alain René,",The devil upon crutches,fic
dul1.ark+=13960=t3223nn9s,1763,1763,1763,1763,,,62403,0.7141635289,1,0,1,694,"Johnstone, Charles,","The reverie, or A flight to the paradise of fools",fic
mdp.39015063952736,1763,1763,1763,1763,,,121371,0.6462980561,1,0,1,698,"Shebbeare, John,",Lydia;,fic
mdp.39015008800537,1766,1766,1766,1766,,,48150,0.6053084094,1,0,1,672,"Swift, Jonathan,","Letters, written",fic
nnc1.1002347725,1766,1766,1766,1766,,,75797,0.835983752,1,0,1,698,anonymous55,The history of Sir Charles Beaufort,fic
mdp.39015063948676,1766,1766,1766,1766,,,102810,0.6932890991,1,0,1,696,"Morell, Charles,",The tales of the genii;,fic
mdp.39015078549642,1766,1766,1766,1766,,,141427,0.6967692032,1,0,1,674,"Defoe, Daniel,",The life and strange surprising adventures of Robinson Crusoe;,fic
mdp.39015063949005,1766,1766,1766,1766,,,96112,0.6257120508,1,0,1,696,"Morell, Charles,",The tales of the genii;,fic
mdp.39015078549626,1767,1767,1767,1767,,,103496,0.7121094155,1,0,1,674,"Defoe, Daniel,",The life and strange and surprising adventures of Robinson Crusoe,fic
mdp.39015063616984,1767,1767,1767,1767,,,68422,0.7325105552,1,0,1,694,"Johnstone, Charles,",The reverie;,fic
nyp.33433074923081,1767,1767,1767,1767,,,104686,0.6506114344,1,0,1,698,"Johnstone, Charles.","Chrysal; or, The adventures of a guinea",fic
mdp.39015063944451,1768,1768,1768,1768,,,35463,0.8446117102,1,0,1,698,"Mulso, Thomas.",Callistus;,fic
mdp.39015078563684,1768,1768,1768,1768,,,78142,0.6678076919,1,0,1,672,"Swift, Jonathan,",The works of Dr. Jonathan Swift,fic
mdp.39015023932216,1768,1768,1768,1768,,,69700,0.7584895683,1,0,1,688,"Haywood, Eliza Fowler,",The history of Miss Betsy Thoughtless,fic
nyp.33433074911284,1770,1770,1770,1770,,,25066,0.8111540337,1,0,1,692,"Sterne, Laurence,",A sentimental journey through France and Italy,fic
hvd.hn4q7d,1771,1771,1771,1771,,,138376,0.7469969013,1,0,1,686,"Cervantes Saavedra, Miguel de,",The history of the renowned Don Quixote de la Mancha,fic
njp.32101037620497,1772,1772,1772,1772,,,17441,0.8340677827,1,0,1,698,"Talbot, Catherine,",Essays on various subjects,fic
nyp.33433074909833,1772,1772,1772,1772,,,114668,0.5797077635,1,0,1,698,"Barclay, John,","The phoenix; or, The history of Polyarchus and Argenis",fic
uc2.ark+=13960=t0ks6n638,1774,1774,1774,1774,,,27409,0.6045531374,1,0,1,698,"Veal, George,",Musical travels through England,fic
ucm.5327110513,1774,1774,1774,1774,,,126847,0.6941520989,1,0,1,694,"Richardson, Samuel,","Clarissa or, The history of a young lady",fic
mdp.39015031385936,1774,1774,1774,1774,,,65462,0.6235714497,1,0,1,696,"Graves, Richard,",The spiritual Quixote,fic
mdp.39015012361187,1774,1774,1774,1774,,,55119,0.4832312552,1,0,1,694,"Johnstone, Charles,","The history of Arsaces, prince of Betlis",fic
nyp.33433075813349,1775,1775,1775,1775,,,68333,0.7705455865,1,0,1,698,"Scarron,",The comic romance of Monsieur Scarron,fic
nyp.33433074913660,1775,1775,1775,1775,,,158568,0.7412737126,1,0,1,692,"Fielding, Henry,","The history of Tom Jones, a foundling",fic
mdp.39015043586448,1775,1775,1775,1775,,,94909,0.7018361157,1,0,1,698,"Kimber, Edward,",The life and adventures of Joe Thompson,fic
mdp.39015059413552,1776,1776,1776,1776,,,27535,0.4638226643,1,0,1,696,"Hurd, Richard,",Moral and political dialogues;,fic
nyp.33433076093123,1776,1776,1776,1776,,,27192,0.4633140348,1,0,1,696,"Hurd, Richard,",Moral and political dialogues;,fic
nyp.33433082405667,1776,1776,1776,1776,,,18629,0.4405755318,1,0,1,698,anonymous64,She is and she is not,fic
njp.32101037021589,1777,1777,1777,1777,,,33499,0.6913505908,1,0,1,692,"Pratt,",Liberal opinions,fic
njp.32101058836253,1777,1777,1777,1777,,,18022,0.6889135986,1,0,1,698,"Walker, Mary,",Letters from the Duchess de Crui and others,fic
uc2.ark+=13960=t9z03cq1j,1777,1777,1777,1777,,,24015,0.5322650548,1,0,1,698,"Hamilton, Mary,",Memoirs of the Marchioness De Louvoi,fic
mdp.39015078549550,1777,1777,1777,1777,,,120009,0.6542608406,1,0,1,674,"Defoe, Daniel,",The life and most surprising adventures of Robinson Crusoe,fic
uva.x000456340,1778,1778,1778,1778,,,48303,0.6363984287,1,0,1,698,"Hull, Thomas,","Select letters between the late Duchess of Somerset, Lady Luxborough, Mr. Whistler, Miss Dolman, Mr. R. Dodsley, William Shenstone, and others;",fic
pst.000005236749,1778,1778,1778,1778,,,96855,0.7205633252,1,0,1,690,"Le Sage, Alain René,",The adventures of Gil Blas of Santillane,fic
hvd.hn37mg,1780,1780,1780,1780,,,20253,0.7142373471,1,0,1,692,"Pratt,","Shenstone-Green, or, The new Paradise lost",fic
mdp.39015008180096,1781,1781,1781,1781,,,81300,0.7869326015,1,0,1,698,"Marmontel, Jean-François,",Moral tales,fic
mdp.39015064575106,1783,1783,1783,1783,,,32554,0.7226313052,1,0,1,692,"Pratt,",Liberal opinions,fic
nyp.33433082227772,1783,1783,1783,1783,,,57173,0.6874402309,1,0,1,692,"Sterne, Laurence,",Works of Laurence Sterne,fic
uc2.ark+=13960=t6ww78d6q,1783,1783,1783,1783,,,74371,0.6137174334,1,0,1,696,"Graves, Richard,",The spiritual Quixote,fic
njp.32101037021290,1783,1783,1783,1783,,,36751,0.7555101172,1,0,1,692,"Pratt,",Emma Corbett,fic
nyp.33433074907746,1784,1784,1784,1784,,,103412,0.8584199542,1,0,1,698,"Burney, Fanny,",Evelina ;,fic
nyp.33433075813422,1784,1784,1784,1784,,,94689,0.6779639264,1,0,1,692,"Rousseau, Jean-Jacques,","Eloisa, or, A series of original letters",fic
mdp.39015065783840,1784,1784,1784,1784,,,83356,0.6480122847,1,0,1,698,"Paltock, Robert,","The life and adventures of Peter Wilkins, a Cornish man",fic
nyp.33433075813448,1784,1784,1784,1784,,,99126,0.7792234441,1,0,1,692,"Rousseau, Jean-Jacques,","Eloisa, or, A series of original letters",fic
mdp.39015024230602,1785,1785,1785,1785,,,66052,0.7793067698,1,0,1,698,"Genlis, Stéphanie Félicité,",Tales of the castle;,fic
mdp.39015063918562,1785,1785,1785,1785,,,47339,0.8166184306,1,0,1,698,anonymous75,Eleanora: from the Sorrows of Werter,fic
mdp.39015063560596,1785,1785,1785,1785,,,86870,0.8051505087,1,0,1,696,"Mathews, Charles,",Constance,fic
dul1.ark+=13960=t3vt2js1t,1786,1786,1786,1786,,,96376,0.7256325369,1,0,1,698,"Bennett,","Anna; or, Memoirs of a Welch heiress",fic
nyp.33433074907548,1786,1786,1786,1786,,,58978,0.4932503694,1,0,1,698,"Bellamy, George Anne,","An apology for the life of George Anne Bellamy, late of Covent-Garden theatre",fic
nyp.33433074967872,1787,1787,1787,1787,,,26484,0.634821729,1,0,1,696,"Mathews, Charles,",The pharos,fic
njp.32101037042775,1787,1787,1787,1787,,,15460,0.5855707596,1,0,1,698,anonymous78,The school of virtue;,fic
hvd.hw3q0g,1788,1788,1788,1788,,,24536,0.4674545325,1,0,1,692,"Rousseau, Jean-Jacques,",The beauties of Rousseau;,fic
mdp.39015078549683,1789,1789,1789,1789,,,33732,0.6856530834,1,0,1,674,"Defoe, Daniel,","The most surprising adventures, and wonderful life of Robinson Crusoe, of York, mariner",fic
mdp.39015063980125,1789,1789,1789,1789,,,42129,0.7655204673,1,0,1,698,"Hayley, William,",The young widow;,fic
uc2.ark+=13960=t77s7vw6c,1789,1789,1789,1789,,,93063,0.7025739305,1,0,1,698,"Moore, John,",Zeluco,fic
mdp.39015078549667,1790,1790,1790,1790,,,142150,0.7169019904,1,0,1,674,"Defoe, Daniel,","The life and adventures of Robinson Crusoe, of York, mariner",fic
njp.32101071963480,1790,1790,1790,1790,,,101333,0.5062911613,1,0,1,692,"Rousseau, Jean-Jacques,","The confessions of J.J. Rousseau, citizen of Geneva",fic
nyp.33433074911466,1791,1791,1791,1791,,,52629,0.7780725042,1,0,1,696,"Smith, Charlotte,",Celestina,fic
mdp.39015033367650,1791,1791,1791,1791,,,56614,0.7135891166,1,0,1,698,"Reeve, Clara,",The school for widows,fic
njp.32101067567857,1792,1792,1792,1792,,,113814,0.748474564,1,0,1,692,"Fielding, Henry,",The history of Tom Jones,fic
mdp.39015078549311,1793,1793,1793,1793,,,88434,0.7048039745,1,0,1,674,"Defoe, Daniel,",The life and adventures of Robinson Crusoe,fic
hvd.hn4q7n,1793,1793,1793,1793,,,125640,0.686094138,1,0,1,686,"Cervantes Saavedra, Miguel de,",The history and adventures of the renowned Don Quixote,fic
njp.32101079872972,1794,1794,1794,1794,,,10268,0.2567187052,1,0,1,698,"Necker,",Réflexions sur le divorce,fic
nyp.33433067305247,1794,1794,1794,1794,,,86183,0.6949108171,1,0,1,698,"Addison, Joseph,","Interesting anecdotes, memoirs, allegories, essays, and poetical fragments; tending to amuse the fancy, and inculcate morality",fic
njp.32101036889523,1795,1795,1795,1795,,,57531,0.6731329506,1,0,1,696,"Smith, Charlotte,",The banished man,fic
nyp.33433074909973,1795,1795,1795,1795,,,75392,0.7590760872,1,0,1,696,"Cumberland, Richard,",Henry;,fic
hvd.hw204v,1797,1797,1797,1797,,,28339,0.3972271015,1,0,1,698,"Rulhière, Claude Carloman de,","The history, or anecdotes, of the revolution in Russia, in the year 1762",fic
nyp.33433075821912,1797,1797,1797,1797,,,81270,0.6619734211,1,0,1,690,"Le Sage, Alain René,",The adventures of Gil Blas of Santillane,fic
uc2.ark+=13960=t90864w4j,1798,1798,1798,1798,,,35451,0.6985615445,1,0,1,692,"Sterne, Laurence,",The works of Laurence Sterne,fic
nnc1.0037104179,1798,1798,1798,1798,,,78223,0.7455976018,1,0,1,696,"Cumberland, Richard,",Henry,fic
nyp.33433074911771,1799,1799,1799,1799,,,61242,0.8497794231,1,0,1,698,"Robinson, Mary Darby,",The false friend,fic
njp.32101067635050,1799,1799,1799,1799,,,20104,0.8065365236,1,0,1,698,anonymous94,"The hare; or, Hunting incompatible with humanity",fic
nnc1.0037990985,1799,1799,1799,1799,,,59595,0.79485108,1,0,1,692,"Sterne, Laurence,",The beauties of Sterne;,fic
njp.32101064631763,1801,1801,1801,1801,,,40098,0.8166918949,1,0,1,698,"Sickelmore, Richard.",Raymond,fic
uc1.b278751,1803,1803,1803,1803,,,37244,0.6643805948,1,0,1,698,"Montjoye,",D'Aveyro;,fic
uiuo.ark+=13960=t1pg2cj2j,1804,1804,1804,1804,,,75516,0.7813800639,1,1,1,692,"Edgeworth, Maria,",Popular tales,fic
mdp.39015078565176,1804,1804,1804,1804,,,68751,0.6971936567,1,0,1,672,"Swift, Jonathan,",Travels into several remote nations of the world,fic
uc1.b248232,1804,1804,1804,1804,,,11834,0.5717621307,1,0,1,698,anonymous14,The affecting history of Louisa,fic
uc1.b4107900,1805,1805,1805,1805,,,40231,0.6875257304,1,0,1,698,"Holcroft, Thomas,",Memoirs of Bryan Perdue,fic
uva.x000980249,1807,1807,1807,1807,,,145694,0.474725539,1,0,1,698,"Rabelais, François,",The works of Francis Rabelais,fic
nyp.33433074378864,1807,1807,1807,1807,,,87985,0.7067780897,1,0,1,698,anonymous10,Palmerin of England,fic
uiuo.ark+=13960=t0vq3h35w,1807,1807,1807,1807,,,22970,0.8149136635,1,0,1,698,"Mortimer, Edward,",The friar Hildargo,fic
uiuo.ark+=13960=t9183z33v,1807,1807,1807,1807,,,30618,0.7374497677,1,0,1,698,"Surr, T. S.",The mask of fashion;,fic
mdp.39015078548925,1809,1809,1809,1809,,,82358,0.7292946994,1,0,1,674,"Defoe, Daniel,",The life and adventures of Robinson Crusoe,fic
hvd.hn2gig,1809,1809,1809,1809,,,34929,0.9211326188,1,0,1,698,"Sandham, Elizabeth.",The adventures of poor puss,fic
hvd.hw2f5i,1809,1809,1809,1809,,,72143,0.7965750022,1,0,1,698,"Goldsmith, Oliver,",The vicar of Wakefield,fic
nnc1.0111857374,1809,1809,1809,1809,,,87814,0.7294544923,1,0,1,690,"Le Sage, Alain René,",The adventures of Gil Blas of Santillane,fic
uiuo.ark+=13960=t8x92x07s,1810,1810,1810,1810,,,83322,0.8791914955,1,0,1,698,"Hatton, Ann Julia (Kemble)","Cambrian pictures, or, Every one has errors",fic
uiuo.ark+=13960=t0zp4j72m,1811,1811,1811,1811,,,33674,0.8712274072,1,0,1,698,Lady.,Julia de Vienne,fic
nyp.33433067367551,1811,1811,1811,1811,,,156180,0.6673693762,1,0,1,694,"Richardson, Samuel,",The history of Clarissa Harlowe,fic
uc1.b112745,1811,1811,1811,1811,,,56261,0.2027402268,1,0,1,698,"Mason, William,",The works of William Mason,fic
njp.32101007962523,1812,1812,1812,1812,,,337639,0.738271305,1,0,1,698,"Brooke, Henry,","The history of Henry, earl of Moreland",fic
uiuo.ark+=13960=t5n87wh6v,1812,1812,1812,1812,,,40245,0.8308835069,1,0,1,698,"Stanhope, Louisa Sidney.",The confessional of Valombre,fic
nyp.33433076035462,1813,1813,1813,1813,,,80170,0.7657353082,1,0,1,698,"Rowson,",Sarah,fic
uiuo.ark+=13960=t4cn7c75m,1815,1815,1815,1815,,,35011,0.5847658891,1,0,1,698,"Algernon,","The royal wanderer, or, The exile of England",fic
uc1.b3123711,1815,1815,1815,1815,,,72258,0.6885280914,1,0,1,698,"Johnstone, C. I.",Clan-Albin,fic
uiuo.ark+=13960=t8gf19s26,1816,1816,1816,1816,,,71481,0.8910937076,1,0,1,698,"Lamb, Caroline,",Glenarvon,fic
uiuo.ark+=13960=t76t1998v,1816,1816,1816,1816,,,60194,0.6883073396,1,1,1,694,"Scott, Walter,",Tales of my landlord,fic
nyp.33433074868542,1816,1816,1816,1816,,,13932,0.6806290542,1,0,1,698,"Hofland,",The affectionate brothers,fic
mdp.39015016424114,1816,1816,1816,1816,,,51666,0.708975295,1,1,1,696,"Godwin, William,",Things as they are;,fic
mdp.39015063702545,1817,1817,1817,1817,,,40401,0.5780590369,1,0,1,698,"Chiari, Pietro.",The prize in the lottery;,fic
uiuo.ark+=13960=t6xw5202g,1818,1818,1818,1818,,,65698,0.8427596337,1,0,1,698,"Opie, Amelia Alderson,",New tales,fic
njp.32101065704304,1821,1821,1821,1821,,,70424,0.7691169388,1,0,1,698,"Reed, Andrew,",No fiction,fic
njp.32101074486992,1822,1822,1822,1822,,,109692,0.7315359779,1,1,1,694,"Scott, Walter,",Historical romances of the author of Waverley,fic
uc2.ark+=13960=t1ng4nw76,1824,1824,1824,1824,,,50817,0.6554766018,1,0,1,698,"Calt, John,",Rothelan;,fic
njp.32101066122100,1825,1825,1825,1825,,,55216,0.8838409727,1,0,1,698,"Grattan, Thomas Colley,",High-ways and by-ways;,fic
nyp.33433082547666,1826,1826,1826,1826,,,110658,0.6014326938,1,0,1,698,anonymous43,"Autobiography, a collection of the most instructive and amusing lives ever published",fic
mdp.39015063916723,1826,1826,1826,1826,,,83452,0.7358140884,1,0,1,698,"Eaton, Charlotte Anne Waldie,",Continental adventures,fic
uc1.b3575696,1826,1826,1826,1826,,,67089,0.5979605933,1,0,1,698,"Radcliffe, Ann Ward,",Gaston de Blondeville,fic
uc1.b3327535,1827,1827,1827,1827,,,60076,0.7137474459,1,1,1,698,"Normanby, Constantine Henry Phipps,","Historiettes; or, Tales of continental life",fic
uiuo.ark+=13960=t85h8665b,1827,1827,1827,1827,,,76628,0.6595238796,1,1,1,698,"Ward, R. Plumer",De Vere,fic
nyp.33433000761944,1828,1828,1828,1828,,,95129,0.8032520525,1,0,1,698,"Kennedy, Grace,",Dunallan,fic
uc1.b3322570,1829,1829,1829,1829,,,62147,0.7956884869,1,1,1,698,"Griffin, Gerald,",The collegians,fic
hvd.hwadb8,1829,1829,1829,1829,,,122584,0.704095299,1,1,1,694,"Scott, Walter,",The Waverley novels,fic
nyp.33433074937131,1829,1829,1829,1829,,,67670,0.5926972353,1,0,1,698,"Beamish, North Ludlow,",Peace campaigns of a cornet,fic
uc2.ark+=13960=t77s7wr9f,1831,1831,1831,1831,,,86302,0.6447280471,1,0,1,698,"Bulgarin, Faddeĭ,",Ivan Vejeeghen;,fic
nyp.33433074909700,1831,1831,1831,1831,,,211687,0.6235700865,1,1,1,696,"Godwin, William,",St. Leon: a tale of the sixteenth century,fic
uc1.b3321866,1831,1831,1831,1831,,,31614,0.7924201477,1,1,1,698,"Disraeli, Benjamin,",The young duke,fic
mdp.39015063994084,1831,1831,1831,1831,,,56917,0.5935750021,1,1,1,698,"Galt, John,",Bogle Corbet;,fic
uiuo.ark+=13960=t6tx3q24v,1832,1832,1832,1832,,,94873,0.6630710593,1,1,1,698,"Fraser, James Baillie,",The highland smugglers,fic
njp.32101063579104,1832,1832,1832,1832,,,51643,0.7942057808,1,0,1,698,anonymous63,The adventures of Count d'Orveau,fic
uc1.b3123838,1833,1833,1833,1833,,,70813,0.6887635613,1,0,1,698,"Hook, Theodore Edward,",The parson's daughter,fic
uiuo.ark+=13960=t5j96f67z,1833,1833,1833,1833,,,65789,0.8177020958,1,0,1,698,"Cathcart,",Adelaide;,fic
hvd.hn1c4p,1833,1833,1833,1833,,,51800,0.786898705,1,0,1,698,"Paulding, James Kirke,",The Dutchman's fireside,fic
mdp.39015055328739,1833,1833,1833,1833,,,43365,0.6359557491,1,0,1,698,"Johnson, Samuel,",Rasselas,fic
nyp.33433082334594,1833,1833,1833,1833,,,46451,0.7051293058,1,0,1,698,anonymous62,"Sketches and eccentricities of Col. David Crockett, of West Tennessee",fic
uc1.31158009178095,1833,1833,1833,1833,,,64571,0.5790014378,1,1,1,694,"Gore,",The sketch book of fashion,fic
inu.32000004490712,1834,1834,1834,1834,,,85176,0.6435179317,1,1,1,698,"Martineau, Harriet,",Illustrations of political economy,fic
nyp.33433004053231,1834,1834,1834,1834,,,112735,0.2555877131,1,0,1,698,"Gough, Richard,",Human nature displayed in the history of Myddle,fic
wu.89098007552,1835,1835,1835,1835,,,30473,0.7168942806,1,0,1,698,"[Savage, Sarah]",Trial and self-discipline,fic
uva.x002579419,1835,1835,1835,1835,,,88700,0.8866556361,1,1,1,692,"Edgeworth, Maria,",Tales and novels,fic
nyp.33433068187057,1837,1837,1837,1837,,,91882,0.8536128643,1,0,1,698,"Smith, John.",The fairy book,fic
uc2.ark+=13960=t8mc8tg6h,1839,1839,1839,1839,,,111471,0.7723052218,1,0,1,698,"Haas, James D.",Gleanings from Germany,fic
uc1.b3322471,1839,1839,1839,1839,,,72958,0.7062107796,1,0,1,698,anonymous61,Castle Martyr,fic
nyp.33433081989588,1840,1840,1840,1840,,,23953,0.8656032719,1,0,1,698,"Sanders, Charles W.",The school reader,fic
uc2.ark+=13960=t6f18zx6f,1841,1841,1841,1841,,,54088,0.8267542154,1,1,1,698,"Marryat, Frederick,",Joseph Rushbrook,fic
loc.ark+=13960=t6154rd2f,1842,1842,1842,1842,,,51830,0.5802209815,1,0,1,698,"Cahoone, Sarah S.",Sketches of Newport and its vicinity;,fic
mdp.39015049829008,1843,1843,1843,1843,,,92996,0.6034949979,1,0,1,698,"[Ware, William]",Zenobia,fic
nyp.33433081970190,1843,1843,1843,1843,,,87233,0.8899239254,1,1,1,692,"Edgeworth, Maria,",Moral tales,fic
uc2.ark+=13960=t54f1pj54,1843,1843,1843,1843,,,55028,0.820615126,1,0,1,698,"Fay, Theodore S.","The double duel, or, Hoboken",fic
uc2.ark+=13960=t8mc95p76,1844,1844,1844,1844,,,73556,0.7894543,1,0,1,698,"Meinhold, Wilhelm,",The amber witch;,fic
loc.ark+=13960=t6sx6kk38,1845,1845,1845,1845,,,131905,0.6157661845,1,0,1,698,"Didimus, H[enry] [from old catalog]",New Orleans as I found it,fic
uc2.ark+=13960=t1rf5qx3h,1845,1845,1845,1845,,,77810,0.8598364406,1,1,1,698,"James, G. P. R.",The smuggler,fic
hvd.32044086801917,1845,1845,1845,1845,,,158625,0.7260307939,1,1,1,698,"Willyams, Jane Louisa.",Chillon;,fic
nnc1.1002109794,1847,1847,1847,1847,,,99109,0.7757710478,1,0,1,698,anonymous73,"The buckskin; or, The camp of the besiegers",fic
ucm.5324200923,1848,1848,1848,1848,,,121529,0.7273564479,1,1,1,696,"Thackeray, William Makepeace,",Vanity Fair,fic
uc2.ark+=13960=t7tm72m3c,1849,1849,1849,1849,,,105703,0.5486961123,1,0,1,698,"Little, George,",The American cruiser's own book,fic
uiuo.ark+=13960=t83j3v84f,1849,1849,1849,1849,,,52127,0.5146576192,1,0,1,698,anonymous71,The Golden calf,fic
nyp.33433068198542,1850,1850,1850,1850,,,54777,0.8500558549,1,0,1,698,"Burkhardt, Charles B.,",Fairy tales and legends of many nations,fic
nyp.33433074969340,1850,1850,1850,1850,,,53788,0.8756813366,1,1,1,698,"Dickens, Charles,",Sissy Jupe;,fic
uiuo.ark+=13960=t8cg09s27,1851,1851,1851,1851,,,59454,0.8475610093,1,1,1,698,"Marsh-Caldwell, Anne,",Ravenscliffe,fic
mdp.39015004950401,1851,1851,1851,1851,,,54998,0.8167074854,1,1,1,692,"Hawthorne, Nathaniel,",Twice-told tales,fic
uiuo.ark+=13960=t1vd7g25q,1852,1852,1852,1852,,,65804,0.5222273223,1,1,1,698,"Savage, M. W.","Reuben Medlicott, or, The coming man",fic
nyp.33433075741821,1852,1852,1852,1852,,,477416,0.8041286395,1,0,1,698,"Reynolds, George W. M.",The mysteries of the court of London,fic
nyp.33433084128390,1852,1852,1852,1852,,,231365,0.7040765865,1,1,1,698,"Grant, James,",The Scottish cavalier,fic
nyp.33433082525829,1853,1853,1853,1853,,,22103,0.8454396991,1,0,1,698,anonymous88,The Favorite story book,fic
njp.32101067178242,1853,1853,1853,1853,,,90837,0.7433202127,1,1,1,696,"Thackeray, William Makepeace,","A shabby genteel story, and other tales",fic
njp.32101068142015,1854,1854,1854,1854,,,137905,0.8990232522,1,0,1,698,"Linden, Liele.",Chestnut wood,fic
uc2.ark+=13960=t5k932p1z,1855,1855,1855,1855,,,134073,0.8433546394,1,1,1,698,"Leslie, Madeline,",The first and the second marriages;,fic
uc2.ark+=13960=t6251g703,1855,1855,1855,1855,,,32413,0.8404570373,1,0,1,698,"Pratt, L. J.",The unfortunate mountain girl,fic
uiuo.ark+=13960=t2v41083w,1855,1855,1855,1855,,,54563,0.729694218,1,0,1,698,"Armstrong, F. Claudius.",The warhawk,fic
uc2.ark+=13960=t57d2s689,1856,1856,1856,1856,,,53107,0.8826147639,1,0,1,698,"Hubback,",The old vicarage,fic
nnc1.cu11683260,1856,1856,1856,1856,,,199346,0.7468397584,1,0,1,698,"Cooper, James Fenimore,",Cooper's sea tales,fic
uiuo.ark+=13960=t4wh36k87,1857,1857,1857,1857,,,77294,0.7827737427,1,0,1,698,anonymous89,The second wife,fic
uc2.ark+=13960=t7np22q3z,1858,1858,1858,1858,,,53911,0.6830847334,1,1,1,694,"Gore,",Heckington;,fic
nnc1.1002213257,1858,1858,1858,1858,,,86608,0.861683761,1,0,1,698,"Ram, Stopford James,",Greatness in little things,fic
uc1.b3565673,1859,1859,1859,1859,,,332326,0.2906213431,1,0,1,672,"Swift, Jonathan,","The works of Jonathan Swift, D.D",fic
nyp.33433074797659,1859,1859,1859,1859,,,111751,0.8157221935,1,0,1,698,"Fletcher, Miriam.",The Methodist,fic
nyp.33433074829049,1859,1859,1859,1859,,,95182,0.8535422038,1,1,1,698,"Bennett, Emerson,",Wild scenes on the frontiers;,fic
nyp.33433076060791,1860,1860,1860,1860,,,142045,0.823379021,1,1,1,698,"Warfield, Catherine Ann Ware,",The household of Bouverie,fic
nyp.33433074864848,1862,1862,1862,1862,,,150551,0.6923256091,1,1,1,694,"Gore,",The royal favourite,fic
njp.32101063603581,1863,1863,1863,1863,,,29349,0.9076540248,1,0,1,698,"Barrow, Frances Elizabeth Mease,",The new night-caps,fic
uiuo.ark+=13960=t19k4n86k,1863,1863,1863,1863,,,48695,0.7535951693,1,0,1,698,"Collins, Charles James,",Sackville chase,fic
nyp.33433081955175,1864,1864,1864,1864,,,193613,0.6872627564,1,0,1,674,"Defoe, Daniel,",Life and adventures of Robinson Crusoe,fic
uc2.ark+=13960=t57d2qw7z,1868,1868,1868,1868,,,90688,0.8941067363,1,0,1,698,anonymous5,"The Canterbury bells; or, Scenes in the Belmont family",fic
nc01.ark+=13960=t1fj2vj0w,1868,1868,1868,1868,,,197095,0.780704581,1,0,1,698,"Beecher, Henry Ward,",Norwood;,fic
uc1.b3327263,1868,1868,1868,1868,,,112199,0.8195678774,1,1,1,698,"Yonge, Charlotte M.",The chaplet of pearls;,fic
uc2.ark+=13960=t1jh3g53t,1868,1868,1868,1868,,,190544,0.7496113534,1,1,1,698,"Valentine, L.",Eastern tales,fic
mdp.39015078559484,1870,1870,1870,1870,,,99552,0.2625414628,1,0,1,674,"Defoe, Daniel,",Aventures de Robinson Crusoe,fic
nyp.33433082302898,1870,1870,1870,1870,,,14052,0.7924524452,1,0,1,698,"Follen, Eliza Lee Cabot,",True stories about dogs & cats,fic
nyp.33433074902952,1872,1872,1872,1872,,,104073,0.6217356738,1,0,1,698,"Maffitt, John Newland,",Nautilus,fic
nyp.33433008836607,1872,1872,1872,1872,,,93905,0.5323153602,1,1,1,698,"Warren, Samuel,",Adventures of an attorney in search of practice,fic
nyp.33433084128457,1873,1873,1873,1873,,,173040,0.8625602652,1,1,1,698,"Gibbon, Charles,",Robin Gray,fic
uc2.ark+=13960=t9b56ph68,1873,1873,1873,1873,,,40997,0.6339349878,1,0,1,698,"Jones, C. A.",The life of S. Elizabeth of Hungary,fic
uiuo.ark+=13960=t88g97d1g,1873,1873,1873,1873,,,54234,0.7536310878,1,1,1,698,"Reid, Mayne,",The death shot,fic
uc2.ark+=13960=t8v98249v,1874,1874,1874,1874,,,51189,0.9181425815,1,0,1,698,"Townsend, Virginia Frances,",Only Girls,fic
wu.89098020506,1874,1874,1874,1874,,,123590,0.8247773347,1,1,1,698,"Diaz, Abby Morton,",Lucy Maria,fic
uc1.b3322388,1875,1875,1875,1875,,,67535,0.864445813,1,0,1,698,"Higgins, Alvin S.",The mishaps of Mr. Ezekiel Pelter,fic
uiuo.ark+=13960=t16m3t75r,1875,1875,1875,1875,,,44326,0.9163775467,1,0,1,698,"Noel, Augusta,",Owen Gwynne's great work,fic
coo.31924013573401,1875,1875,1875,1875,,,76381,0.8647926605,1,1,1,694,"Wood, Henry,",Told in the twilight,fic
nyp.33433074880216,1876,1876,1876,1876,,,156832,0.8608755097,1,1,1,698,"Marryat, Florence,",Open! Sesame!,fic
uc1.b3327247,1877,1877,1877,1877,,,230487,0.8684005139,1,1,1,694,"Wood, Henry,",Mrs. Wood's novels,fic
uiuo.ark+=13960=t6tx4055c,1877,1877,1877,1877,,,92529,0.8658657871,1,0,1,698,"Shearer, James,",Prinkle and his friends. A novel,fic
uc1.b303921,1878,1878,1878,1878,,,112938,0.8744384392,1,0,1,698,"Heyse, Paul,",In paradise;,fic
mdp.39015006953163,1878,1878,1878,1878,,,140876,0.6220614753,1,0,1,698,"Bede, Cuthbert,",The adventures of Mr. Verdant Green,fic
uc1.b270582,1879,1879,1879,1879,,,53166,0.7303326533,1,0,1,698,"Adams, Robert Chamblet,","On board the ""Rocket""",fic
uc2.ark+=13960=t7gq6s478,1880,1880,1880,1880,,,60834,0.906426542,1,1,1,698,"Hawthorne, Julian,","Yellow-cap, and other fairy-stories for children",fic
uiuo.ark+=13960=t7sn0fs60,1880,1880,1880,1880,,,60937,0.8058424132,1,1,1,698,"Banks, G. Linnaeus","Wooers and winners, or, Under the scars",fic
mdp.39015031236519,1881,1881,1881,1881,,,42569,0.7439489487,1,1,1,696,"Howells, William Dean,",A day's pleasure,fic
uc2.ark+=13960=t6154jc0j,1881,1881,1881,1881,,,93915,0.7617610903,1,1,1,698,"Ferrier, Susan,",Marriage;,fic
nyp.33433073355640,1881,1881,1881,1881,,,104712,0.8023911239,1,0,1,698,"Dostoyevsky, Fyodor,",Buried alive;,fic
njp.32101075374866,1882,1882,1882,1882,,,152676,0.5626471253,1,1,1,692,"Hawthorne, Nathaniel,",The works of Nathaniel Hawthorne,fic
uva.x030557183,1882,1882,1882,1882,,,168732,0.7085489209,1,1,1,692,"Hawthorne, Nathaniel,",The works of Nathaniel Hawthorne,fic
mdp.39015048885977,1883,1883,1883,1883,,,142945,0.7399774913,1,0,1,694,"Richardson, Samuel,",The works of Samuel Richardson,fic
mdp.39015063919131,1883,1883,1883,1883,,,96553,0.8154981071,1,1,1,698,"Hardy, Arthur Sherburne,",But yet a woman;,fic
mdp.39015066227177,1883,1883,1883,1883,,,134486,0.7444008353,1,0,1,698,"Topelius, Zacharias,",The surgeon's stories,fic
mdp.39015049821757,1884,1884,1884,1884,,,107357,0.9053213289,1,1,1,698,"Burnett, Frances Hodgson,",Vagabondia;,fic
uc2.ark+=13960=t1kh0j52b,1885,1885,1885,1885,,,31565,0.6489328424,1,0,1,698,"Dobbins, Frank S[tockton]",The Ansons in Asiatic temples,fic
uiuo.ark+=13960=t5cc1d50z,1885,1885,1885,1885,,,66415,0.8999028342,1,0,1,698,"Greville, Violet,",Creatures of clay,fic
uiuo.ark+=13960=t0xp7815w,1886,1886,1886,1886,,,46282,0.884371815,1,1,1,698,"Allen, Grant,",In all shades,fic
uiuo.ark+=13960=t3pv6sw3b,1886,1886,1886,1886,,,65461,0.8811204953,1,1,1,698,"Chetwynd, Henry Wayland,",Mrs. Dorriman,fic
uc1.b272819,1886,1886,1886,1886,,,143288,0.8303199408,1,0,1,698,"Cole, E. W.,",Fun doctor,fic
uiuo.ark+=13960=t6d228w8f,1886,1886,1886,1886,,,38907,0.8627276743,1,1,1,698,"Diehl, Alice M.",Griselda,fic
nc01.ark+=13960=t4vh64t8c,1887,1887,1887,1887,,,31552,0.7870013919,1,0,1,698,"Bunner, H. C.",The story of a New York house,fic
njp.32101067708535,1887,1887,1887,1887,,,175124,0.8219790588,1,1,1,698,"Besant, Walter,",Ready-money Mortiboy;,fic
nyp.33433084129000,1888,1888,1888,1888,,,58194,0.8636800404,1,1,1,698,"Barrett, Frank,",A recoiling vengeance,fic
nyp.33433074911144,1889,1889,1889,1889,,,87535,0.8736070477,1,1,1,698,"Murray, David Christie,",Schwartz,fic
nyp.33433074828819,1889,1889,1889,1889,,,62959,0.8305470466,1,0,1,698,"Bates, Josephine W.",A nameless wrestler,fic
uc2.ark+=13960=t1pg1jx44,1889,1889,1889,1889,,,84863,0.8391811849,1,0,1,696,"Curtin, Jeremiah,",Myths and folk-lore of Ireland,fic
mdp.39015021918225,1890,1890,1890,1890,,,107382,0.8803848239,1,1,1,698,"Southworth, Emma Dorothy Eliza Nevitte,",Fulfilling her destiny,fic
uc2.ark+=13960=t2c828h1s,1890,1890,1890,1890,,,144178,0.9008974329,1,0,1,698,"Sand, George,",The bagpipers,fic
mdp.39015017686273,1890,1890,1890,1890,,,167062,0.6980813929,1,1,1,696,"Henty, G. A.",The tiger of Mysore;,fic
nyp.33433082171129,1890,1890,1890,1890,,,98628,0.8713203598,1,0,1,698,"Allen, Richard.",Miss Eaton's romance,fic
njp.32101066457761,1892,1892,1892,1892,,,96117,0.8275519234,1,0,1,698,"Connelly, J. H.",The lost mine,fic
nyp.33433081859450,1893,1893,1893,1893,,,141412,0.819466649,1,1,1,692,"Edgeworth, Maria,",The novels of Maria Edgeworth,fic
nyp.33433082128863,1893,1893,1893,1893,,,63291,0.6452841371,1,0,1,686,"Cervantes Saavedra, Miguel de,",The ingenious gentleman Don Quixote of La Mancha,fic
uc1.b4103196,1893,1893,1893,1893,,,83251,0.8803791541,1,1,1,696,"Howells, William Dean,",The coast of Bohemia,fic
uc2.ark+=13960=t20c4wx8c,1894,1894,1894,1894,,,45575,0.8529914833,1,0,1,698,"Harraden, Beatrice,",Ships that pass in the night,fic
uc2.ark+=13960=t7jq0th12,1894,1894,1894,1894,,,80498,0.8325237612,1,0,1,698,"Stuart, Ruth McEnery,",Carlotta's intended,fic
mdp.39015073486543,1895,1895,1895,1895,,,118905,0.8261583609,1,1,1,696,"Henty, G. A.",Dorothy's double,fic
mdp.39015063548617,1895,1895,1895,1895,,,46541,0.6645205552,1,1,1,698,"Hale, Edward Everett,",How to do it,fic
uc2.ark+=13960=t6k07444r,1897,1897,1897,1897,,,204113,0.8859583295,1,1,1,694,"Wood, Henry,",Anne Hereford,fic
mdp.39015067179070,1897,1897,1897,1897,,,238713,0.8316330567,1,1,1,698,"Lever, Charles James,",The novels of Charles Lever,fic
uc2.ark+=13960=t3513vh35,1897,1897,1897,1897,,,109923,0.5654059916,1,0,1,698,"Griffith, George.",Briton or Boer?,fic
uc2.ark+=13960=t8cf9s57f,1898,1898,1898,1898,,,150924,0.8619469841,1,1,1,698,"Parker, Gilbert,",The seats of the mighty,fic
mdp.39015000623879,1899,1899,1899,1899,,,100166,0.8330677941,1,1,1,696,"Kipling, Rudyard,",The naulahka,fic
inu.39000005529255,1899,1899,1899,1899,,,135521,0.8513803936,1,0,1,696,"Curtin, Jeremiah,",Creation myths of primitive America in relation to the religious history and mental development of mankind,fic
pst.000030492820,1900,1900,1900,1900,,,89603,0.9017611518,1,0,1,698,"Wilde, Oscar,",The picture of Dorian Gray,fic
nyp.33433067316947,1900,1900,1900,1900,,,228806,0.7016999536,1,0,1,698,"Balzac, Honoré de,",The works of Honoré de Balzac,fic
uc1.b3810812,1901,1901,1901,1901,,,27125,0.8739428938,1,0,1,698,"Bright, A. D.",Three Xmas gifts,fic
nyp.33433067413538,1901,1901,1901,1901,,,132555,0.8831941485,1,1,1,698,"Twain, Mark,",The writings of Mark Twain,fic
uc1.b3322733,1902,1902,1902,1902,,,103856,0.8124268111,1,0,1,698,"Henry, Alfred H.",By order of the prophet;,fic
uva.x001325274,1903,1903,1903,1903,,,198359,0.8935710028,1,1,1,698,"Black, William,",Macleod of Dare;,fic
uc1.31158001414407,1903,1903,1903,1903,,,168813,0.7673567934,1,1,1,698,"Stevenson, Robert Louis,",The novels and tales of Robert Louis Stevenson,fic
uc2.ark+=13960=t3125s10g,1904,1904,1904,1904,,,95061,0.793617325,1,0,1,698,"Lawrence, Albert Lathrop,",The wolverine;,fic
nyp.33433076061179,1905,1905,1905,1905,,,74924,0.8500879089,1,0,1,698,"Waddel, Charles Carey,",The Van Suyden sapphires,fic
wu.89087901682,1906,1906,1906,1906,,,41034,0.7251174897,1,0,1,698,"Bangs, John Kendrick,",R. Holmes & Co.;,fic
uc1.b4104960,1906,1906,1906,1906,,,29470,0.9095065461,1,0,1,696,"Morris, William,",The world of romance,fic
nyp.33433081963799,1906,1906,1906,1906,,,35712,0.8320553471,1,0,1,698,"Whelen, Mignonette Violett.","Romances of fanland; or, Stories told to Violett",fic
nyp.33433062139252,1908,1908,1908,1908,,,118962,0.7656987716,1,0,1,686,"Cervantes Saavedra, Miguel de,",The history of the ingenious gentleman,fic
uc2.ark+=13960=t6154hb72,1908,1908,1908,1908,,,48601,0.9095551782,1,0,1,698,"Rives, Amélie,",The golden rose,fic
nyp.33433074930516,1908,1908,1908,1908,,,109405,0.8500548572,1,1,1,698,"Brebner, Percy James,",Vayenne,fic
wu.89077009413,1909,1909,1909,1909,,,32601,0.8710488355,1,0,1,698,"Major, Gertrude Keene.",The revelation in the mountain,fic
yale.39002054551867,1910,1910,1910,1910,,,44303,0.7252068515,1,0,1,698,"Sanderson, Camilla.",John Sanderson the First;,fic
mdp.39015024360706,1910,1910,1910,1910,,,130946,0.6599610559,1,0,1,698,"Prince, Morton,",The dissociation of a personality;,fic
mdp.49015002138908,1910,1910,1910,1910,,,110818,0.8045965154,1,1,1,696,"Morris, William,",The collected works of William Morris;,fic
coo.31924014378446,1911,1911,1911,1911,,,417841,0.823197269,1,0,1,698,"Dumas, Alexandre,",Works,fic
mdp.39015063918935,1912,1912,1912,1912,,,86898,0.8508353855,1,0,1,698,"Birmingham, George A.,",The inviolable sanctuary,fic
uc2.ark+=13960=t5h99113n,1913,1913,1913,1913,,,91496,0.8945043709,1,0,1,698,"Allen, Frances Newton Symmes.",The invaders,fic
uc2.ark+=13960=t4gm8351f,1914,1914,1914,1914,,,97325,0.9033916701,1,0,1,698,"Cross, Victoria.",The night of temptation,fic
uc2.ark+=13960=t10p0xq9w,1914,1914,1914,1914,,,42260,0.7268268299,1,0,1,698,"Pearson, Edmund Lester,",The secret book,fic
mdp.39015008883756,1914,1914,1914,1914,,,208296,0.7347305277,1,1,1,696,"Meredith, George,",Beauchamp's career,fic
nyp.33433076089923,1914,1914,1914,1914,,,91165,0.9044460451,1,0,1,698,"Greene, Frances Nimmo.",One clear call,fic
mdp.39015030707304,1914,1914,1914,1914,,,198005,0.8382508323,1,1,1,696,"Meredith, George,",Evan Harrington,fic
uva.x001866548,1915,1915,1915,1915,,,47951,0.8963621069,1,0,1,698,"Waggaman, Mary Teresa,",White Eagle,fic
uva.x000496437,1916,1916,1916,1916,,,63648,0.7772118888,1,0,1,696,"Harris, Frank,",Oscar Wilde: his life and confessions,fic
nyp.33433082513957,1916,1916,1916,1916,,,86038,0.8791744241,1,0,1,698,"Torbett, D.,",Common clay,fic
uva.x000208565,1917,1917,1917,1917,,,37280,0.8049937129,1,1,1,698,"London, Jack,",The call of the wild,fic
uc2.ark+=13960=t72v2d072,1917,1917,1917,1917,,,15686,0.805136441,1,0,1,698,"Torrence, Ridgely,","Granny Maumee, The rider of dreams, Simon the Cyrenian;",fic
uc2.ark+=13960=t6833r49b,1918,1918,1918,1918,,,95757,0.7647924823,1,1,1,698,"Bennett, Arnold,",The pretty lady,fic
mdp.39015065612387,1918,1918,1918,1918,,,50570,0.7025713523,1,0,1,698,"Hunt, Frazier,",Blown in by the draft;,fic
uc1.b3579157,1920,1920,1920,1920,,,85280,0.7528632174,1,1,1,696,"Kipling, Rudyard,",Stalky & Co,fic
mdp.39015063527561,1920,1920,1920,1920,,,130405,0.8882414406,1,1,1,698,"Chambers, Robert W.",The restless sex,fic
uc2.ark+=13960=t6m04621d,1920,1920,1920,1920,,,74623,0.8154431409,1,0,1,696,"Harris, Frank,",The bomb,fic
uc1.b3324452,1920,1920,1920,1920,,,91255,0.8587516413,1,0,1,698,"Huneker, James,",Melomaniacs,fic
nyp.33433067269567,1920,1920,1920,1920,,,87821,0.8817242494,1,1,1,698,"Chekhov, Anton Pavlovich,",The chorus girl and other stories,fic
nyp.33433076051428,1920,1920,1920,1920,,,85069,0.9082262834,1,0,1,698,"Mantle, Beatrice.",In the house of another,fic
uc2.ark+=13960=t2t43jx20,1920,1920,1920,1920,,,45846,0.9214467386,1,0,1,698,"Fillmore, Parker,",The shoemaker's apron;,fic
uc2.ark+=13960=t6154gd1n,1921,1921,1921,1921,,,151503,0.8371129413,1,0,1,698,"Hughes, Rupert,",Beauty,fic
uva.x001586600,1921,1921,1921,1921,,,91253,0.8935982113,1,0,1,698,"Reeve, Arthur B.",The mystery mind,fic
uc2.ark+=13960=t3pv6jc65,1921,1921,1921,1921,,,72551,0.7457423118,1,0,1,698,"Tetley, William C.",Blanco y Colorado;,fic
uc2.ark+=13960=t2794196g,1921,1921,1921,1921,,,82962,0.8075357985,1,0,1,698,"Dixon, Thomas,",The man in gray,fic
mdp.39015022653938,1922,1922,1922,1922,,,61345,0.752984325,1,0,1,698,"Dukes, Paul,",Red dusk and the morrow;,fic
uc2.ark+=13960=t7xk85q6c,1922,1922,1922,1922,,,47395,0.7922341932,1,0,1,698,"Morley, Christopher,",Where the blue begins,fic
uc2.ark+=13960=t1pg1kh64,1922,1922,1922,1922,,,104782,0.8328929686,1,0,1,698,"Brookes, Mabel Balcombe Emmerton,",Old desires,fic
