docid,firstpub,date,birthdate,recept,tags,enumcron,nationality,gender,author,title
nnc1.0037104098,1739,1739,1739,,fic,v.1,,,"Challes, Robert,",The illustrious French lovers;
dul1.ark+=13960=t74t7bs0b,1735,1735,1735,,fic,,,,"Chetwood, W. R.","The voyages and adventures of Captain Robert Boyle, in several parts of the world"
uva.x030809128,1715,1715,1715,,bio,<blank>,,,"Whiting, John,","Persecution expos'd, in some memoirs relating to the sufferings of John Whiting, and many others of the people called Quakers, for conscience sake, in the west of England, &c.;"
hvd.hxj9rx,1722,1722,1722,,bio,v.2,,,<blank>,Memoirs of literature
uc2.ark+=13960=t7xk86t26,1737,1737,1737,,bio,v.2,,,"P̦llnitz, Karl Ludwig,","The memoirs of Charles-Lewis, baron de Pollnitz"
mdp.39015065792643,1732,1732,1732,,fic,,,,"La Motte,",A century of new fables
mdp.39015012332329,1728,1728,1728,,fic,,,,"Cervantes Saavedra, Miguel de,","A collection of select novels, written originally in Castillian"
hvd.hn4q78,1749,1749,1749,,fic,v.1,,,"Cervantes Saavedra, Miguel de,",The life and exploits of the ingenious gentleman Don Quixote de la Mancha
mdp.39015056795324,1749,1749,1749,,fic,v.3,,,"Fielding, Henry,",The history of Tom Jones
mdp.39015013141174,1703,1703,1703,,bio,<blank>,,,"Hoadly, Benjamin,","The reasonableness of conformity to the Church of England, represented to the dissenting ministers"
nyp.33433022841005,1715,1715,1715,,bio,<blank>,,,"Halifax, Charles Montagu,",The works and life of the Right Honourable Charles
mdp.39015063625019,1719,1719,1719,,bio,<blank>,,,"Theobald,",Memoirs of Sir Walter Raleigh;
mdp.39015010967530,1743,1743,1743,,fic,v.2,,,"Fielding, Henry,",Miscellanies
mdp.39015036923608,1735,1735,1735,,fic,,,,"Le Sage, Alain Ren̩,","The comical history of Estevanille Gonzalez, surnamed the Merry Fellow"
hvd.hn3abw,1747,1747,1747,,fic,vol.4,,,"Cervantes Saavedra, Miguel de,",The life and exploits of the ingenious gentlemen Don Quixote de la Mancha
mdp.39015024467378,1720,1720,1720,,fic,v.3-4,,,"Manley,",Secret memoirs and manners of several persons of quality of both sexes
mdp.39015022401338,1720,1720,1720,,fic,v.1-2,,,"Manley,",Secret memoirs and manners of several persons of quality of both sexes
njp.32101067675015,1750,1750,1750,,bio,vol.3,,,"Fell, Charles,",The lives of saints
njp.32101068318797,1740,1740,1740,,non,vol. 1,,,"Ashley, John,",Memoirs and considerations concerning the trade and revenues of the British colonies in America
yale.39002004756376,1737,1737,1737,,bio,v.4,,,"P̦llnitz, Karl Ludwig,","The memoirs of Charles-Lewis, Baron de P̦llnitz"
mdp.39076006199025,1720,1720,1720,,fic,,,,"Defoe, Daniel,","The life, adventures, and pyracies, of the famous Captain Singleton"
mdp.39015056795308,1749,1749,1749,,fic,v.1,,,"Fielding, Henry,",The history of Tom Jones
mdp.39015060804963,1709,1709,1709,,bio,<blank>,,,"Temple, William,",Memoirs
mdp.39015078564385,1726,1726,1726,,fic,c.2 v.1,,,"Swift, Jonathan,",Travels into several remote nations of the world
nnc1.0113360361,1739,1739,1739,,fic,v.3,,,"Aubin, Penelope,","A collection of entertaining histories and novels, designed to promote the cause of virtue and honour"
mdp.39015011940668,1720,1720,1720,,bio,v.1,,,"Brown, Thomas,",The works of Mr. Thomas Brown
hvd.hxvafh,1744,1744,1744,,bio,v.2,,,"Mottley, John,",The history of the life and reign of the Empress Catharine
mdp.39015078568592,1727,1727,1727,,fic,,,,"Swift, Jonathan,",Travels into several remote nations of the world
mdp.39015078548362,1722,1722,1722,,fic,,,,"Defoe, Daniel,",The farther adventures of Robinson Crusoe;
hvd.hn3ak2,1747,1747,1747,,fic,vol.3,,,"Cervantes Saavedra, Miguel de,",The life and exploits of the ingenious gentlemen Don Quixote de la Mancha
uc1.b182768,1719,1719,1719,,bio,v.2,,,"Jacob, Giles,","The poetical register: or, The lives and characters of all the English dramatick poets"
uc1.31822035062983,1735,1735,1735,,bio,v.3,,,"Collins, Arthur,",The peerage of England
mdp.39015009222772,1734,1734,1734,,bio,V.4 M-R,,,"Bayle, Pierre,",The dictionary historical and critical of Mr. Peter Bayle
uc2.ark+=13960=t46q1tv2g,1741,1741,1741,,fic,,,,"Lambert de Saumery, Pierre,",The devil turn'd hermit
hvd.hn4q79,1749,1749,1749,,fic,v.2,,,"Cervantes Saavedra, Miguel de,",The life and exploits of the ingenious gentleman Don Quixote de la Mancha
mdp.39015013747905,1720,1720,1720,,fic,,,,"Defoe, Daniel,",The history of the life and adventures of Mr. Duncan Campbell
njp.32101036892782,1715,1715,1715,,fic,,,,"Manley,",The adventures of Rivella;
hvd.hw20o6,1741,1741,1741,,bio,v.1,,,"Middleton, Conyers,",The history of the life of Marcus Tullius Cicero
mdp.39015063600160,1729,1729,1729,,bio,<blank>,,,James,"Memoirs of the English affairs, chiefly naval, from the year 1660, to 1673"
mdp.39015022468642,1706,1706,1706,,bio,v.1,,,"Rapin, Ren̩.",The whole critical works of Monsieur Rapin
nnc1.0113360370,1739,1739,1739,,fic,v.2,,,"Aubin, Penelope,","A collection of entertaining histories and novels, designed to promote the cause of virtue and honour"
mdp.39015078548313,1722,1722,1722,,fic,v.1,,,"Defoe, Daniel,","The life, and strange surprizing adventures of Robinson Crusoe, of York, mariner"
dul1.ark+=13960=t6d22ng55,1749,1749,1749,,fic,v.2,,,"Smollett, T.",The history and adventures of an atom
uc1.31822038211744,1750,1750,1750,,bio,<blank>,,,"Rimius, Henry,",Memoirs of the House of Brunswick
mdp.39015065780671,1727,1727,1727,,fic,v.1,,,"Scarron,",The whole comical works of Mons. Scarron
uc2.ark+=13960=t3cz3gg8r,1747,1747,1747,,bio,<blank>,,,"Story, Thomas,",A journal of the life of Thomas Story
mdp.39015062244861,1710,1710,1710,,bio,<blank>,,,"Leeds, Thomas Osborne,","Copies & extracts of some letters written to and from the Earl of Danby (now Duke of Leeds) in the years 1676, 1677, and 1678"
mdp.39015078568626,1727,1727,1727,,fic,,,,"Swift, Jonathan,",Memoirs of the court of Lilliput
mdp.39015036670894,1732,1732,1732,,fic,,,,,The fair concubine
mdp.39015065780689,1727,1727,1727,,fic,v.2,,,"Scarron,",The whole comical works of Mons. Scarron
njp.32101067675023,1750,1750,1750,,bio,vol.4,,,"Fell, Charles,",The lives of saints
nnc1.0038590972,1747,1747,1747,,bio,v.2,,,<blank>,Memoirs of the Nutrebian court
mdp.39015078545780,1729,1729,1729,,fic,,,,"Bignon, Jean Paul,","The adventures of Abdalla, son of Hanif"
mdp.39015078548511,1723,1723,1723,,fic,,,,,Memoirs of the life of Scriblerus
nyp.33433008488060,1750,1750,1750,,bio,v. 1,,,"Campbell, John,",Lives of the admirals and other eminent British seamen
uc2.ark+=13960=t10p1b78g,1742,1742,1742,,fic,v.1,,,,The life and exploits of the ingenious gentleman Don Quixote de la Mancha
hvd.hn3aby,1749,1749,1749,,fic,v.2,,,"Cervantes Saavedra, Miguel de,",The history of the renowned Don Quixote de la Manha
mdp.39015063516804,1703,1703,1703,,fic,,,,"Boyle, Robert,","Love and religion demonstrated in the martyrdom of Theodora, and of Didymus"
uc2.ark+=13960=t80k27z1j,1738,1738,1738,,fic,,,,"Clarke, Alured,","An essay towards the character of Her late Majesty Caroline, Queen-Consort of Great Britain, & c"
njp.32101072914839,1745,1745,1745,,fic,vol.2,,,"Caylus, Anne Claude Philippe,",Oriental tales
mdp.39015074633259,1742,1742,1742,,non,v.1,,,<blank>,The philosophical history and memoirs of the Royal academy of sciences at Paris
nyp.33433061843508,1743,1743,1743,,bio,<blank>,,,<blank>,"An historical, genealogical, and classical dictionary"
mdp.39015063962602,1714,1714,1714,,bio,<blank>,,,"Boyer, Abel,","Memoirs of the life and negotiations of Sir W. Temple, bar"
njp.32101067676567,1725,1725,1725,,bio,<blank>,,,"Whitehead, George,","The Christian progress of that ancient servant and minister of Jesus Christ, George Whitehead"
mdp.39015063608122,1745,1745,1745,,bio,v.2,,,"Ayre, William.","Memoirs of the life and writings of Alexander Pope, esq.;"
mdp.39015082365449,1720,1720,1720,,bio,v.5,,,"Brown, Thomas,",The works of Mr. Thomas Brown
yale.39002035104224,1748,1748,1748,,bio,<blank>,,,<blank>,"Memoirs of the life and times of Sir Thomas Deveil, Knight"
mdp.39015065800560,1736,1736,1736,,fic,v.7,,,"La Calpren̬de, Gaultier de Coste,",Hymen's praeludia
njp.32101067674992,1750,1750,1750,,bio,vol.1,,,"Fell, Charles,",The lives of saints
dul1.ark+=13960=t9x06zn4z,1719,1719,1719,,fic,,,,"Aulnoy,",The Prince of Carency;
mdp.39015004077221,1725,1725,1725,,bio,v.3,,,"Boyle, Robert,",The philosophical works of the Honourable Robert Boyle esq
mdp.39015014659604,1727,1727,1727,,bio,<blank>,,,"Oldmixon,",Clarendon and Whitlock compar'd
mdp.39015065800578,1736,1736,1736,,fic,v.6,,,"La Calpren̬de, Gaultier de Coste,",Hymen's praeludia
mdp.39015035860348,1732,1732,1732,,bio,<blank>,,,"Collins, Arthur,","The life of that great statesman William Cecil, lord Burghley, secretary of state in the reign of King Edward the Sixth, and lord high treasurer of England in the reign of Queen Elizabeth"
mdp.39015011940783,1720,1720,1720,,bio,v.3,,,"Brown, Thomas,",The works of Mr. Thomas Brown
mdp.39015078561266,1743,1743,1743,,fic,,,,"Defoe, Daniel,","The pleasant, and surprizing adventures of Mr. Robert Drury, during his fifteen years captivity on the island of Madagascar"
mdp.39015067087968,1710,1710,1710,,fic,,,,,"A true and faithful account of the last distemper and death of Tom. Whigg, Esq., who departed this life on the 22d day of September last, Anno Domini 1710"
hvd.hxj3tf,1736,1736,1736,,bio,<blank>,,,"Gyles, John,","Memoirs of odd adventures, strange deliverances, &c. in the captivity of John Gyles, Esq; commander of the garrison on St. George's River"
uc2.ark+=13960=t01z42z14,1743,1743,1743,,bio,v.1,,,"Lediard, Thomas,","The life of John, Duke of Marlborough"
mdp.39015065496005,1735,1735,1735,,bio,<blank>,,,"Kennett, Basil,",The lives and characters of the ancient Grecian poets
mdp.39015063548047,1743,1743,1743,,bio,<blank>,,,"Defoe, Daniel,",The memoirs of Cap. George Carleton
njp.32101068163342,1715,1715,1715,,fic,vol.2,,,"Ainsworth, William Harrison,","Preston fight; or, The insurrection of 1715"
ucm.5329215008,1744,1744,1744,,fic,,,,"Jurin, James,","An epistle to John Ranby ... on the subject of his narrative of the last illness of the late Earl of Orford as far as it relates to Sir Edward Hulse, Dr. Jurin, and Dr. Crowe"
njp.32101037603568,1732,1732,1732,,fic,,,,"Oldmixon,","Court tales: or, A history of the amours of the present nobility"
hvd.hxj9s3,1722,1722,1722,,bio,v.6,,,<blank>,Memoirs of literature
njp.32101068776283,1732,1732,1732,,fic,vol. 1,,,"Terrasson, Jean,",The life of Sethos
uc2.ark+=13960=t6154gt6f,1726,1726,1726,,bio,v.2,,,"Ker, John,","The memoirs of John Ker, of Kersland in North Britain, Esq"
mdp.39015063608106,1745,1745,1745,,bio,v.1,,,"Ayre, William.","Memoirs of the life and writings of Alexander Pope, esq.;"
uc2.ark+=13960=t7sn04h6p,1720,1720,1720,,bio,<blank>,,,"Jacob, Giles,","An historical account of the lives and writings of our most considerable English poets, whether epick, lyrick, elegiack, epigramatists, &"
uc2.ark+=13960=t7br8qz2n,1736,1736,1736,,bio,<blank>,,,"Bacon, Francis,",Original letters and memoirs
mdp.39015056795340,1749,1749,1749,,fic,v.5,,,"Fielding, Henry,",The history of Tom Jones
mdp.39015030685575,1722,1722,1722,,fic,v.3,,,"Aulnoy,",A collection of novels and tales of the fairies
njp.32101069179248,1743,1743,1743,,fic,vol. 2,,,"Gomez,",La belle assembl̩e
mdp.39015065800552,1736,1736,1736,,fic,v.8,,,"La Calpren̬de, Gaultier de Coste,",Hymen's praeludia
nnc1.0022918116,1739,1739,1739,,bio,<blank>,,,<blank>,"The History of the life and death of Sultan Solyman the Magnificent, Emperor of the Turks and of his son Mustapha"
uva.x002650137,1739,1739,1739,,bio,V.4,,,"P̦llnitz, Karl Ludwig,","The memoirs of Charles-Lewis, Baron de Pollnitz"
hvd.hxj9rz,1722,1722,1722,,bio,v.3,,,<blank>,Memoirs of literature
yale.39002085617992,1732,1732,1732,,bio,<blank>,,,"Crokatt, Gilbert,",The Scotch Presbyterian eloquence;
hvd.hxe6c4,1748,1748,1748,,bio,<blank>,,,"Towgood, Micaiah,",An essay towards attaining a true idea of the character and reign of King Charles the First and the causes of the civil war
mdp.39015078548396,1719,1719,1719,,fic,,,,"Defoe, Daniel,","The life, and strange surprizing adventures of Robinson Crusoe, of York, mariner"
mdp.39015073762943,1721,1721,1721,,bio,<blank>,,,"Bulstrode, Richard,","Memoirs and reflections upon the reign and government of King Charles the 1st. and K. Charles the IId ... wherein the character of the royal martyr, and of King Charles II. are vindicated from fanatical aspersions"
mdp.39015078558361,1719,1719,1719,,fic,,,,"Evans, Ambrose.","The adventures and surprizing deliverances, of James Dubourdieu, and his wife"
mdp.39015063882669,1703,1703,1703,,bio,<blank>,,,"Burchett, Josiah,",Memoirs of transactions at sea during the war with France;
hvd.hn3abx,1749,1749,1749,,fic,v.3,,,"Cervantes Saavedra, Miguel de,",The history of the renowned Don Quixote de la Manha
mdp.39015026498389,1737,1737,1737,,bio,v.1,,,"P̦llnitz, Karl Ludwig,","The memoirs of Charles-Lewis, baron de Pollnitz"
mdp.39015063599024,1732,1732,1732,,bio,<blank>,,,"Budgell, Eustace,","Memoirs of the life and character of the late earl of Orrery, and of the family of the Boyles"
dul1.ark+=13960=t9184177s,1749,1749,1749,,fic,v.1,,,"Smollett, T.",The history and adventures of an atom
hvd.hxjh5g,1706,1706,1706,,fic,,,,,"The history of George a Green, pindar of the town of Wakefield"
mdp.39015066957310,1714,1714,1714,,fic,,,,Petronius Arbiter.,The works of Petronius Arbiter
mdp.39015078564393,1726,1726,1726,,fic,c.2 v.2,,,"Swift, Jonathan,",Travels into several remote nations of the world
ucm.5329214998,1745,1745,1745,,fic,,,,,"An expostulatory address to John Ranby ... occasioned by his Treatise on gunshot-wounds, and his Narrative of the Earl of Orford's last illness"
mdp.39015078548610,1727,1727,1727,,fic,,,,"Brunt, Samuel,",A voyage to Cacklogallinia
nnc1.cu55826229,1714,1714,1714,,fic,,,,"Lucas, Theophilus,","Memoirs of the lives, intrigues, and comical adventures of the most famous gamesters and celebrated sharpers in the reigns of Charles II, James II, William III and Queen Anne"
njp.32101067499408,1727,1727,1727,,bio,<blank>,,,"[Jebb, Samuel]","The life of Robert, earl of Leicester, the favourite of Queen Elizabeth"
mdp.39015065800602,1736,1736,1736,,fic,v.3,,,"La Calpren̬de, Gaultier de Coste,",Hymen's praeludia
dul1.ark+=13960=t53f5fj6x,1709,1709,1709,,fic,v.2,,,"Manley,","Secret memoirs and manners of several persons of quality, of both sexes. From the New Atalantis, an island in the Mediteranean. Written originally in Italian"
njp.32101068312121,1708,1708,1708,,fic,,,,"Aulnoy,",Memoirs of the court of England : in the reign of King Charles II
mdp.39015010967548,1743,1743,1743,,fic,v.3,,,"Fielding, Henry,",Miscellanies
njp.32101073816918,1743,1743,1743,,bio,vol.2,,,"Lediard, Thomas,","The life of John, Duke of Marlborough"
mdp.39015065800628,1736,1736,1736,,fic,v.1,,,"La Calpren̬de, Gaultier de Coste,",Hymen's praeludia
mdp.39015065870019,1727,1727,1727,,bio,<blank>,,,"Hayes, Richard.",A new method for valuing of annuities upon lives
mdp.39015026498405,1737,1737,1737,,bio,v.3,,,"P̦llnitz, Karl Ludwig,","The memoirs of Charles-Lewis, baron de Pollnitz"
uva.x001328302,1739,1739,1739,,bio,V.1,,,"P̦llnitz, Karl Ludwig,","The memoirs of Charles-Lewis, Baron de Pollnitz"
mdp.39015078565408,1726,1726,1726,,fic,c.1 v.1,,,"Swift, Jonathan,",Travels into several remote nations of the world
mdp.39015073721808,1723,1723,1723,,bio,<blank>,,,"Skinner, Thomas,",The life of General Monk
ucm.5329037873,1736,1736,1736,,fic,,,,,"Secret memoirs and manners of several persons of quality, of both sexes from the New Atlantis, Island in the Mediteranean ; written originally in italian ; Vol. II"
mdp.39015078548024,1734,1734,1734,,fic,,,,"Chetwood, W. R.","The voyages, dangerous adventures, and imminent escapes of Capt. Rich. Falconer"
nyp.33433056814738,1750,1750,1750,,bio,<blank>,,,"Halifax, George Savile,",A character of King Charles the Second
yale.39002007683817,1748,1748,1748,,bio,v.1,,,"Whiston, William,",Memoirs of the life and writings of Mr. William Whiston
mdp.39015056795332,1749,1749,1749,,fic,v.4,,,"Fielding, Henry,",The history of Tom Jones
njp.32101067678431,1728,1728,1728,,bio,<blank>,,,"Colman, Benjamin,","Some of the glories of Our Lord and Saviour Jesus Christ, exhibited in twenty sacramental discourses, preached at Boston in New England"
mdp.39015064581278,1735,1735,1735,,bio,v.2,,,"Ramsay,",The history of Henri de la Tour d'Auvergne
ucm.5323840709,1750,1750,1750,,bio,,,,"C̩sar, Cayo Julio,","C. Julius Caesar's Commentaries of his wars in Gaul, and civil war with Pompey : To which is added, a supplement to his Commentary of his wars in Gaul; as also, Commentaries of the Alexandrian, African, and Spanish wars, by Aulus Hirtius, or Oppius, etc. With the author's life. Adorn'd with sculptures from the designs of the famous Palladio"
uc2.ark+=13960=t49p3bc37,1708,1708,1708,,bio,v.3,,,"Mackenzie, George,",The lives and characters of the most eminent writers of the Scots nation;
nnc1.0020355459,1741,1741,1741,,fic,v.2,,,,Benedicta;
mdp.39015030141231,1732,1732,1732,,bio,v.1,,,"Wharton, Philip Wharton,","The life and writings of Philip, late duke of Wharton"
mdp.39015078548719,1748,1748,1748,,fic,,,,"Berington, Simon,",The adventures of Sigr. Gaudentio di Lucca [pseud.] Being the substance of his examination before the fathers of the Inquisition at Bologna in Italy
nnc1.0114365987,1735,1735,1735,,bio,<blank>,,,"Rambach, J. J.","Memoirs of the life and death of the late Reverend Mr. Anthony William Boehm, formerly chaplain to the Royal Highness Prince George of Denmark, and minister of the German Chapel at St. James's in London"
mdp.39015030155215,1703,1703,1703,,fic,,,,"La Calpren̬de, Gaultier de Coste,",The famous history of Cassandra
njp.32101069177226,1735,1735,1735,,fic,,,,"Cr̩billon, Claude-Prosper Jolyot de,","Letters from the Marchioness de M***, to the Count de R***"
mdp.39015028161266,1721,1721,1721,,fic,,,,"La Motte,","One hundred new court fables, written for the instruction of princes, and a true knowledge of the world"
mdp.39015063612132,1719,1719,1719,,bio,<blank>,,,"Misson, Henri, de Valbourg,",M. Misson's Memoirs and observations in his travels over England
uc2.ark+=13960=t6xw4qf2s,1726,1726,1726,,bio,<blank>,,,"Parkinson, Anthony,",Collectanea Anglo-minoritica
hvd.hw20nh,1741,1741,1741,,bio,v.2,,,"Middleton, Conyers,",The history of the life of Marcus Tullius Cicero
uc2.ark+=13960=t8kd2038c,1738,1738,1738,,bio,<blank>,,,"Lee, Weyman.",An essay to ascertain the value of leases and annuities for years and lives
nyp.33433061843714,1714,1714,1714,,bio,<blank>,,,"Le Neve, John,","The lives and characters of the most illustrious persons, British and foreign, who died in the year 1712"
nnc1.0114150085,1726,1726,1726,,bio,v.1-2,,,"Ker, John,","The memoirs of John Ker, of Kersland in North Britain, esq;"
mdp.39015078546366,1747,1747,1747,,non,<blank>,,,"Harrington, James,",The Oceana and other works of James Harrington esq;
mdp.39015065800586,1736,1736,1736,,fic,v.5,,,"La Calpren̬de, Gaultier de Coste,",Hymen's praeludia
nnc1.0114151715,1739,1739,1739,,fic,v.2,,,"Challes, Robert,",The illustrious French lovers;
wu.89101953933,1751,1751,1751,,bio,<blank>,,,Frederick,Memoirs of the house of Brandenburg
nyp.33433074909973,1795,1795,1795,,fic,v. 3,,,"Cumberland, Richard,",Henry;
nyp.33433074916440,1789,1789,1789,,fic,v. 3,,,"Bennett,",Agnes de-Courci
mdp.39015033925283,1795,1795,1795,,bio,v.3,,,"Waldron, F. G.",The biographical mirrour
uva.x002447334,1758,1758,1758,,bio,v.2,,,Plutarch.,Plutarch's Lives
nyp.33433082367529,1760,1760,1760,,bio,v. 2,,,"Clarendon, Edward Hyde,","The life of Edward Earl of Clarendon, lord high chancellor of England, and chancellor of the University of Oxford"
mdp.39015065484381,1766,1766,1766,,bio,v.1,,,"Harris, William,","An historical and critical account of the life of Charles the Second, king of Great Britain"
mdp.39015010798075,1751,1751,1751,,bio,<blank>,,,"Ludlow, Edmund,","Memoirs of Edmund Ludlow, esq"
nyp.33433075863757,1751,1751,1751,,bio,<blank>,,,"Moncrieff, Thomas,","Memoirs concerning the ancient alliance between the French and Scots, and the privileges of the Scots in France"
uc2.ark+=13960=t5z60gb1p,1795,1795,1795,,bio,v.2,,,"Seward, William,",Anecdotes of some distinguished persons
dul1.ark+=13960=t9d51cj57,1752,1752,1752,,fic,v.2,,,"Haywood, Eliza Fowler,",The history of Miss Betsy Thoughtless
hvd.hn4q7d,1771,1771,1771,,fic,vol.4,,,"Cervantes Saavedra, Miguel de,",The history of the renowned Don Quixote de la Mancha
mdp.39015009245906,1766,1766,1766,,bio,v.1,,,"Lloyd, David,","State-worthies: or, The statesmen and favourites of England from the reformation to the revolution"
njp.32101073818450,1776,1776,1776,,bio,vol. 5,,,<blank>,The British Plutarch
mdp.39015039526143,1755,1755,1755,,bio,<blank>,,,"Amory, Thomas,",Memoirs: containing the lives of several ladies of Great Britain
mdp.39015063931474,1794,1794,1794,,fic,v.3,,,"Gunning,",Memoirs of Mary
uc2.ark+=13960=t72v2gw9h,1774,1774,1774,,non,<blank>,,,"Wagstaffe, Thomas,",Piety promoted
nyp.33433066658539,1795,1795,1795,,bio,v. 5,,,"Belsham, William,",Memoirs of the reign of George III. to the session of parliament ending A.D. 1793
mdp.39015074813760,1752,1752,1752,,bio,<blank>,,,<blank>,"Memoirs of the life and ministerial conduct, with some free remarks on the political writings, of the late Lord Visc. Bolingbroke"
nyp.33433082537444,1762,1762,1762,,bio,v. 5-6,,,<blank>,"The British Plutarch, or Biographical entertainer"
nyp.33433082341896,1751,1751,1751,,bio,v. 1,,,"Ludlow, Edmund,","Memoirs of Edmund Ludlow, esq"
dul1.ark+=13960=t6349g04w,1761,1761,1761,,fic,,,,"Berington, Simon,",The adventures of Sig. Gaudentio di Lucca
mdp.39015031644233,1793,1793,1793,,fic,ser.2 no.2666/v.1 1793,,,,The Minstrel;
mdp.39015021305159,1799,1799,1799,,fic,v.2,,,"Radcliffe, Ann Ward,",The mysteries of Udolpho
nyp.33433074909932,1765,1765,1765,,fic,,,,"Defoe, Daniel,","The life and adventures of the famous Moll Flanders, who was born in Newgate"
nnc1.0022686053,1800,1800,1800,,bio,v.2,,,"Chesterfield, Philip Dormer Stanhope,",Letters
nnc1.0315301320,1765,1765,1765,,fic,v.2,,,,The generous Briton;
mdp.39015078562520,1751,1751,1751,,fic,v.2,,,"Swift, Jonathan,",Travels into several remote nations of the world
mdp.39015014862844,1761,1761,1761,,bio,<blank>,,,"Toland, John,",The life of John Milton;
mdp.39015078562280,1783,1783,1783,,fic,,,,"Paltock, Robert,","The life and adventures of Peter Wilkins, a Cornish man"
nyp.33433009303649,1788,1788,1788,,bio,<blank>,,,<blank>,A Short statement of the services of those naval officers who were overlooked in the last promotion of Admirals
nyp.33433081849543,1770,1770,1770,,bio,<blank>,,,"Dalrymple, David,","The additional case of Elisabeth, claiming the title and dignity of Countess of Sutherland, by her guardians"
hvd.hn37mg,1780,1780,1780,,fic,v.1,,,"Pratt,","Shenstone-Green, or, The new Paradise lost"
mdp.39015078562363,1751,1751,1751,,fic,v.1,,,"Kimber, Edward,",The life and adventures of Joe Thompson
mdp.39015031385936,1774,1774,1774,,fic,v.2,,,"Graves, Richard,",The spiritual Quixote
mdp.39015013744076,1754,1754,1754,,fic,v.2,,,"Guthrie, William,",The friends
mdp.39015063616984,1767,1767,1767,,fic,v.1,,,"Johnstone, Charles,",The reverie;
mdp.39015038638337,1797,1797,1797,,bio,v.1,,,"Barruel,",Memoirs
nnc1.cu56528370,1799,1799,1799,,bio,<blank>,,,<blank>,Eastern anecdotes of exemplary characters
njp.32101037021019,1766,1766,1766,,fic,v.4,,,"Pennington, Sarah,",Letters on different subjects
hvd.hn2dtm,1778,1778,1778,,bio,v.3,,,"Sully, Maximilien de B̩thune,",Memoirs of Maximilian de Bethune
mdp.39015078562355,1751,1751,1751,,fic,v.2,,,"Kimber, Edward,",The life and adventures of Joe Thompson
yale.39002005623153,1765,1765,1765,,bio,v.2,,,"Walpole, Horace,",Anecdotes of painting in England;
uva.x000613611,1764,1764,1764,,bio,V.2,,,"Shenstone, William,","Essays on Men, Manners, and Things (largely biographical sketches)"
ucm.5320261462,1786,1786,1786,,bio,<blank>,,,"Chaudon, Louis Mayeul,",Historical and critical memoirs of the life and writings of M. de Voltaire
hvd.hw204v,1797,1797,1797,,fic,,,,"Rulhi̬re, Claude Carloman de,","The history, or anecdotes, of the revolution in Russia, in the year 1762"
njp.32101060589742,1793,1793,1793,,bio,<blank>,,,"Cumberland, George,",Some anecdotes of the life of Julio Bonasoni
njp.32101077780524,1768,1768,1768,,fic,v.2,,,"��In��yat All��h,",Tales
mdp.39015063975075,1777,1777,1777,,bio,<blank>,,,"Johnson, Samuel,","The Life of Mr. Richard Savage, son of the Earl Rivers"
njp.32101079239461,1777,1777,1777,,fic,v.5,,,"Pratt,",Liberal opinions
dul1.ark+=13960=t3vt2js1t,1786,1786,1786,,fic,v.1,,,"Bennett,","Anna; or, Memoirs of a Welch heiress"
uva.x000826970,1786,1786,1786,,fic,V.1,,,"Smollett, T.",The adventures of Peregrine Pickle
nyp.33433076093123,1776,1776,1776,,fic,v. 1,,,"Hurd, Richard,",Moral and political dialogues;
dul1.ark+=13960=t3gx54x4v,1797,1797,1797,,fic,,,,Addison.,"Interesting anecdotes, memoirs, allegories, essays, and poetical fragments;"
mdp.39015078565473,1800,1800,1800,,fic,,,,"Swift, Jonathan,","The travels of Lemuel Gulliver, into several remote nations of the world;"
mdp.39015013748200,1781,1781,1781,,bio,v.2,,,"Davies, Thomas,","Memoirs of the life of David Garrick, esq"
mdp.39015062248144,1761,1761,1761,,fic,v.1,,,,Hau kiou choaan
njp.32101064256108,1768,1768,1768,,fic,,,,"Byron, John,",The narrative of the Honourable John Byron
nyp.33433074913595,1755,1755,1755,,fic,v. 1,,,"Haywood, Eliza Fowler,",The invisible spy
nyp.33433082377338,1771,1771,1771,,bio,<blank>,,,"Jemmat, Catherine,",The memoirs of Mrs. Catherine Jemmat
nnc1.0037990985,1799,1799,1799,,fic,,,,"Sterne, Laurence,",The beauties of Sterne;
nyp.33433074911490,1791,1791,1791,,fic,v. 4,,,"Smith, Charlotte,",Celestina
nyp.33433074955463,1752,1752,1752,,fic,,,,"Mozeen, Thomas,",Young Scarron
mdp.39015068293086,1780,1780,1780,,bio,<blank>,,,"Warton, Thomas,",The life of Sir Thomas Pope
mdp.39015065345764,1765,1765,1765,,bio,v.7,,,"Shenstone, William,","The works in verse and prose, of William Shenstone"
njp.32101073816660,1787,1787,1787,,bio,vol.2,,,"Noble, Mark,",Memoirs of the protectoral-house of Cromwell;
mdp.39015065806815,1762,1762,1762,,fic,,,,"Le Sage, Alain Ren̩,",The devil upon two sticks
pst.000005236749,1778,1778,1778,,fic,v.1,,,"Le Sage, Alain Ren̩,",The adventures of Gil Blas of Santillane
nyp.33433074916374,1751,1751,1751,,fic,,,,"Coventry, Francis,","The history of Pompey the Little, or, The life and adventures of a lap-dog"
mdp.39015078562306,1755,1755,1755,,fic,,,,"Morris, Drake, pseud.","The travels of Mr. Drake Morris, merchant in London"
njp.32101037021548,1777,1777,1777,,fic,v.6,,,"Pratt,",Liberal opinions
uc2.ark+=13960=t1kh0g314,1760,1760,1760,,fic,v.1,,,"Johnstone, Charles,",Chrysal
mdp.39015063560596,1785,1785,1785,,fic,v.1,,,"Mathews, Charles,",Constance
nyp.33433081877650,1776,1776,1776,,bio,v. 2,,,<blank>,The British Plutarch
nyp.33433081651741,1770,1770,1770,,bio,<blank>,,,"Guines, Adrien Louis de Bonni̬res de Souastre,",Memorial of the Count de Guines
uc2.ark+=13960=t84j0ch7d,1765,1765,1765,,fic,,,,,The council in the moon
njp.32101067676385,1766,1766,1766,,bio,<blank>,,,"Orton, Job,","Memoirs of the life, character and writings of the late Reverend Philip Doddridge, D.D. of Northampton"
nyp.33433082382080,1783,1783,1783,,bio,v. 1-2,,,"Rousseau, Jean-Jacques,",The confessions of J.J. Rousseau ;
nyp.33433071381606,1791,1791,1791,,bio,v. 1,,,"La Motte, Jeanne de Saint-R̩my de Valois,","The life of Jane de St. Remy de Valois, heretofore Countess de La Motte"
njp.32101073588053,1755,1755,1755,,bio,v.3,,,"Mottley, John,","The life of Peter the Great, emperor of all Russia"
nyp.33433082306022,1786,1786,1786,,bio,v. 4,,,"Caraccioli, Charles,","The life of Robert Lord Clive, Baron Plassey"
nyp.33433067275143,1753,1753,1753,,bio,v. 5,,,"Cibber, Theophilus,",The lives of the poets of Great Britain and Ireland
ucm.5319098350,1771,1771,1771,,bio,<blank>,,,"Dalrymple, John,",Memoirs of Great Britain and Ireland
uc2.ark+=13960=t0zp3x123,1777,1777,1777,,fic,v.3,,,"Griffith,",A collection of novels
mdp.39015065783139,1755,1755,1755,,fic,,,,"Pr̩vost,","The history of a fair Greek, who was taken out of a seraglio at Constantinople, and brought to Paris by a late embassador at the Ottoman port, interspersed with the surprising adventures of several other slaves"
uc2.ark+=13960=t7vm4hn0x,1777,1777,1777,,bio,v.1,,,"Jones, William,","Observations in a journey to Paris by way of Flanders, in the month of August 1776"
nyp.33433068198260,1752,1752,1752,,fic,,,,"Aulnoy,",The court of Queen Mab
yale.39002008238660,1761,1761,1761,,bio,<blank>,,,"Scott, Sarah,","The history of Gustavus Ericson [i.e. Gustavus Vasa], King of Sweden"
mdp.39015058400378,1789,1789,1789,,bio,v.3,,,Frederick,"Posthumous works of Frederic II, king of Prussia"
uiuo.ark+=13960=t17m0vk3v,1769,1769,1769,,fic,v.1,,,,The Hermit
mdp.39015018015274,1777,1777,1777,,fic,,,,"Defoe, Daniel,","The history of the devil, ancient and modern"
mdp.39015025918890,1797,1797,1797,,bio,<blank>,,,"Hentzner, Paul,","Paul Hentzner's travels in England, during the reign of Queen Elizabeth"
hvd.hn2ghv,1788,1788,1788,,fic,v.2,,,"Berquin,",The children's friend
nyp.33433007970449,1787,1787,1787,,fic,v. 2,,,"Smith, Charlotte,",The romance of real life
nyp.33433074911615,1795,1795,1795,,fic,v. 3,,,"Smith, Charlotte,",Montalbert
uva.x001475970,1799,1799,1799,,bio,V.5,,,"Ariosto, Lodovico,",Orlando furioso
nnc1.cu09367225,1785,1785,1785,,bio,v.3,,,"Campbell, John,",Biographia nautica
njp.32101073817684,1753,1753,1753,,bio,<blank>,,,<blank>,"Memoirs of the life of Robert Devereux, Earl of Essex"
mdp.39015012361187,1774,1774,1774,,fic,v.1,,,"Johnstone, Charles,","The history of Arsaces, prince of Betlis"
nyp.33433068243009,1774,1774,1774,,non,<blank>,,,"Law, Edmund,",Considerations on the theory of religion
njp.32101036889515,1795,1795,1795,,fic,v.4,,,"Smith, Charlotte,",The banished man
mdp.39015064588257,1763,1763,1763,,bio,v.5,,,"Sully, Maximilien de B̩thune,","Memoirs of Maximilian de Bethune, duke of Sully, prime minister to Henry the Great"
hvd.hn36fa,1758,1758,1758,,bio,<blank>,,,"Jortin, John,",The life of Erasmus
uc2.ark+=13960=t0ks6n638,1774,1774,1774,,fic,,,,"Veal, George,",Musical travels through England
uc2.ark+=13960=t2x351s87,1756,1756,1756,,bio,v.2,,,"Sully, Maximilien de B̩thune,","Memoirs of Maximilian de Bethune, duke of Sully, prime minister to Henry the Great"
uva.x002551778,1774,1774,1774,,bio,v.2,,,"Chesterfield, Philip Dormer Stanhope,","Letters written by the late Right Honourable Philip Dormer Stanhope, earl of Chesterfield, to his son, Philip Stanhope esq"
mdp.39015057157755,1766,1766,1766,,fic,v.2,,,"Elie de Beaumont,","The history of the Marquis de Roselle, in a series of letters"
nyp.33433082409065,1765,1765,1765,,bio,<blank>,,,<blank>,Genuine memoirs of Mr. Charles Churchill
nyp.33433082297064,1799,1799,1799,,fic,v. 3,,,"Salzmann, Christian Gotthilf,","Elements of morality, for the use of children;"
njp.32101079239479,1777,1777,1777,,fic,v.3,,,"Pratt,",Liberal opinions
mdp.39015039823516,1769,1769,1769,,bio,v.1,,,"Lyttelton, George Lyttelton,","The history of the life of King Henry the Second, and of the age in which he lived"
pst.000019186870,1774,1774,1774,,bio,v.2,,,"Retz, Jean Fran̤ois Paul de Gondi de,",Memoirs of the Cardinal de Retz
njp.32101067675791,1797,1797,1797,,bio,<blank>,,,"Scott, Job,","Journal of the life, travels and gospel labours of that faithful servant and minister of Christ, Job Scott"
ucm.5327367983,1774,1774,1774,,fic,,,,"Lucca, Gaudentio di.",The adventures of Sig. Gaudentio di Lucca
nyp.33433082543137,1793,1793,1793,,bio,v. 2 (BAT - CAM),,,<blank>,A New and general biographical dictionary
nyp.33433074913330,1758,1758,1758,,fic,,,,"Fielding, Sarah,",The lives of Cleopatra and Octavia
nyp.33433074930292,1771,1771,1771,,fic,v. 4,,,"Bridges, Thomas,",The adventures of a bank-note
mdp.39015078548040,1770,1770,1770,,fic,,,,"Bickerstaff, Isaac,","The life, and strange, unparallel'd and unheard of voyages and adventures of Ambrose Gwinett, formerly well known to the public, as the lame beggar man"
dul1.ark+=13960=t9z03vs2q,1753,1753,1753,,fic,v.3,,,"Haywood, Eliza Fowler,",The history of Jemmy and Jenny Jessamy
nyp.33433059336309,1768,1768,1768,,bio,<blank>,,,"Byron, John,",The narrative of the Honourable John Byron
nyp.33433075840177,1764,1764,1764,,fic,,,,"Lesuire, Robert Martin,",The savages of Europe
njp.32101067675437,1777,1777,1777,,bio,v.2,,,Clement,Interesting letters of Pope Clement XIV (Ganganelli)
nyp.33433008488318,1794,1794,1794,,bio,v. 5,,,"Charnock, John,","Biographia navalis; or, Impartial memoirs of the lives and characters of officers of the navy of Great Britain, from the year 1660 to the present time;"
mdp.39015065444195,1763,1763,1763,,fic,v.2,,,"Shebbeare, John,",Lydia;
mdp.39015023127544,1754,1754,1754,,bio,v.2,,,"Birch, Thomas,","Memoirs of the reign of Queen Elizabeth, from the year 1581 till her death"
mdp.39015073763271,1767,1767,1767,,bio,<blank>,,,<blank>,"Historical memoirs of His late Royal Highness William-Augustus, duke of Cumberland"
mdp.39015066644074,1781,1781,1781,,fic,v.1,,,"Marmontel, Jean-Fran̤ois,",Moral tales
mdp.39015078549790,1780,1780,1780,,fic,,,,"Defoe, Daniel,","The wonderful life and most surprizing adventures of Robinson Crusoe ... Faithfully abridged from the three volumes, and adorned with an entire new set of cuts ... from drawings done ... for this edition"
nyp.33433074907548,1786,1786,1786,,fic,v. 4,,,"Bellamy, George Anne,","An apology for the life of George Anne Bellamy, late of Covent-Garden theatre"
hvd.hwkd6i,1761,1761,1761,,fic,v.2,,,"Lennox, Charlotte,",Henrietta
mdp.39015031962718,1799,1799,1799,,bio,v.3-4,,,"Barruel,",Memoirs
uc2.ark+=13960=t89g5j004,1786,1786,1786,,bio,<blank>,,,"Henderson, John,",Letters and poems
nyp.33433007627353,1768,1768,1768,,bio,v. 2,,,"Dossie, Robert,","Memoirs of agriculture, and other oeconomical arts"
hvd.hn4q7b,1771,1771,1771,,fic,vol.2,,,"Cervantes Saavedra, Miguel de,",The history of the renowned Don Quixote de la Mancha
mdp.39015023468997,1798,1798,1798,,bio,<blank>,,,"Rivers, David.",Literary memoirs of living authors of Great Britain
nyp.33433066578836,1777,1777,1777,,bio,v. 1-2,,,"Jones, William,","Observations in a journey to Paris by way of Flanders, in the month of August 1776"
mdp.39015059413552,1776,1776,1776,,fic,v.1,,,"Hurd, Richard,","Moral and political dialogues [genre is debatable, to be sure]"
mdp.39015020051663,1799,1799,1799,,fic,v.3,,,"West,",A tale of the times
nyp.33433074911821,1793,1793,1793,,fic,v. 5,,,"Pilkington,",Rosina
nyp.33433082542790,1761,1761,1761,,bio,v. 1 (AAR - AYL),,,<blank>,A New and general biographical dictionary
nyp.33433082537238,1799,1799,1799,,bio,"v. 2, BAR- CIV",,,"Aikin, John,",General biography;
nyp.33433067275465,1753,1753,1753,,bio,v. 2,,,"Crusius, Lewis,",The lives of the Roman poets ;
mdp.39015023507927,1780,1780,1780,,bio,<blank>,,,"Beckford, William,",Biographical memoirs of extraordinary painters
ucm.5320262557,1767,1767,1767,,fic,,,,"Kelly, Hugh,",Memoirs of a Magdalen or The history of Louisa Mildway
uc2.ark+=13960=t90864w4j,1798,1798,1798,,fic,v.10,,,"Sterne, Laurence,",The works of Laurence Sterne
nyp.33433075821912,1797,1797,1797,,fic,v. 4,,,"Le Sage, Alain Ren̩,",The adventures of Gil Blas of Santillane
nyp.33433074911730,1758,1758,1758,,fic,v. 1-2,,,"Richwould,","The South sea fortune; or, The chaplain advanced to the saddle"
uc2.ark+=13960=t03x84p15,1777,1777,1777,,bio,v.1,,,"Wraxall, Nathaniel William,","Memoirs of the kings of France, of the race of Valois"
mdp.39015078548669,1756,1756,1756,,fic,v.1-2,,,"Bannac, Adolphus.",The life and surprizing adventures of Crusoe Richard Davis
nyp.33433082404157,1755,1755,1755,,bio,v. 2,,,"Gordon, Alexander,","The history of Peter the Great, Emperor of Russia"
nnc2.ark+=13960=t5n879p81,1814,1814,1814,,bio,v. 4 1814,,,"Harris, William,",An historical and critical account of the lives and writings of James I. and Charles I. and of the lives of Oliver Cromwell and Charles II
nyp.33433082347562,1819,1819,1819,,bio,<blank>,,,<blank>,Authentic memoirs of the lives of Mr. and Mrs. Coutts
uc1.b4056544,1807,1807,1807,,fic,v.1,,,,Palmerin of England
loc.ark+=13960=t6154rd2f,1842,1842,1842,,fic,,,,"Cahoone, Sarah S.",Sketches of Newport and its vicinity;
uc2.ark+=13960=t9g44z656,1800,1800,1800,,bio,v.4,,,"Johnson, Samuel,",The lives of the most eminent English poets;
uc1.b286471,1812,1812,1812,,fic,,,,,"Alexis, the tyrant of the East;"
njp.32101076782380,1833,1833,1833,,fic,v.2,,,"Trollope, Frances Milton,",The abbess
uiuo.ark+=13960=t45q58q09,1814,1814,1814,,fic,v.5,,,"Cuthbertson, Catherine.","Santo Sebastiano, or, The young protector"
nyp.33433001022502,1814,1814,1814,,fic,,,,"Lafontaine, August Heinrich Julius,","A tale of ancient times, entitled Romulus"
nyp.33433075743629,1824,1824,1824,,fic,,,,"Scott, Walter,",St. Ronan's well
njp.32101068602281,1824,1824,1824,,fic,v.1,,,"Richardson, Samuel,","The novels of Samuel Richardson, esq"
nyp.33433082376868,1814,1814,1814,,bio,<blank>,,,"Janeway, James,","Invisibles, realities, demonstrated in the holy life and triumphant death of Mr. John Janeway"
uiuo.ark+=13960=t3zs38t6b,1807,1807,1807,,fic,v.3,,,"Maturin, Charles Robert,","Fatal revenge; or, The family of Montorio"
hvd.32044009849225,1832,1832,1832,,fic,v.1,,,"Martineau, Harriet,",Illustrations of political economy
mdp.39015062971331,1837,1837,1837,,bio,<blank>,,,"Matthews, Lyman,","Memoir of the life and character of Ebenezer Porter, D. D., late president of the Theological seminary, Andover"
mdp.39015050663445,1802,1802,1802,,bio,v.1,,,"Granger, William.","The new wonderful museum, and extraordinary magazine"
njp.32101068142080,1800,1800,1800,,fic,v.2,,,"Linley, W.",Forbidden apartments
hvd.hxjh2k,1803,1803,1803,,bio,<blank>,,,"Rutter,Thomas,",Some account of the religious experience and gospel labours of Thomas Rutter
mdp.39015062243277,1826,1826,1826,,bio,<blank>,,,<blank>,A short memoir of Andrew Underhill
mdp.39015073729579,1824,1824,1824,,bio,v.2,,,"Ireland, W. H.","Memoirs of Jeanne d'Arc, surnamed L Pucelle d'Orleans; with the history of her times"
nyp.33433074878988,1805,1805,1805,,fic,,,,"Lucas, William,","The duellists, or, Men of honour"
nyp.33433082343090,1849,1849,1849,,bio,v. 1,,,"Henry, Paul,","The life and times of John Calvin, the great reformer"
mdp.39015078550376,1820,1820,1820,,fic,v.2,,,"Defoe, Daniel,",The life and adventures of Robinson Crusoe
njp.32101065836577,1801,1801,1801,,fic,vol.3,,,"Meeke, Mary,",Which is the man?
njp.32101063578239,1828,1828,1828,,fic,,,,"Blackford,",The Eskdale herd-boy
uc1.b250566,1828,1828,1828,,fic,v.2,,,"Smith, Horace,",Zillah
nyp.33433068187057,1837,1837,1837,,fic,,,,"Smith, John.",The fairy book
loc.ark+=13960=t33201g8s,1816,1816,1816,,bio,<blank>,,,<blank>,An answer to certain parts of a work published by Mathew Carey
nyp.33433081620100,1809,1809,1809,,letters,v.1,,,"Pliny,",The letters of Pliny the Consul
nyp.33433022848273,1846,1846,1846,,fic,,,,"Vide, V. V.","American tableau, no.1 (arguably historical fiction)"
uc1.b3316123,1808,1808,1808,,bio,v. 2,,,"Jortin, John,",The life of Erasmus
nnc1.0022686053,1800,1800,1800,,bio,v.2,,,"Chesterfield, Philip Dormer Stanhope,",Letters
uiuo.ark+=13960=t23b6pc44,1836,1836,1836,,fic,v.1,,,"Sherer, Moyle,",The broken font
nyp.33433074922851,1843,1843,1843,,fic,,,,"Lunn, William Arthur Brown,",Bizarre fables: a series of eccentric historiettes
loc.ark+=13960=t1bk1fp17,1835,1835,1835,,bio,<blank>,,,<blank>,"Proceedings at New Haven, in relation to the demise of the Hon. Nathan Smith: and the funeral solemnities with the discourse, delivered on the occasion"
mdp.39015025930705,1822,1822,1822,,bio,v.2,,,"Ireland, W. H.",The Napoleon anecdotes
uc2.ark+=13960=t0tq5x823,1817,1817,1817,,bio,<blank>,,,"Vaux, Roberts,",Memoirs of the life of Anthony Benezet
njp.32101065841809,1817,1817,1817,,fic,v. 2,,,"Brooke, Frances,",Manners
nyp.33433075905251,1821,1821,1821,,bio,v. 1,,,"Aikin, Lucy,",Memoirs of the court of Queen Elizabeth
uiuo.ark+=13960=t2k64tj09,1810,1810,1810,,fic,v.2,,,"Cuthbertson, Catherine.",Forest of Montalbano
uiuo.ark+=13960=t1rf66h39,1825,1825,1825,,fic,v.3,,,"Hartstonge, Matthew Weld,",The eve of All-Hallows;
hvd.32044004635306,1826,1826,1826,,non,<blank>,,,"Babbage, Charles,",A comparative view of the various institutions for the assurance of lives
uiuo.ark+=13960=t0ht3921z,1818,1818,1818,,fic,v.3,,,"Stanhope, Louisa Sidney.","The bandit's bride, or, The maid of Saxony. A romance"
mdp.39015065103650,1801,1801,1801,,non,v.1,,,"MacLaurin, Colin,",A treatise on fluxions
nyp.33433074814249,1846,1846,1846,,bio,<blank>,,,"Franklin, Benjamin,",Life of Benjamin Franklin
mdp.39015023169579,1812,1812,1812,,bio,v.21,,,<blank>,The General biographical dictionary
mdp.39015073763404,1800,1800,1800,,bio,v.2,,,"Coxe, William,","Memoirs of the life and administration of Sir Robert Walpole, earl of Orford"
uiuo.ark+=13960=t9w09nn61,1811,1811,1811,,fic,v.1,,,"Palmer, John,",Like master like man
uva.x002314322,1832,1832,1832,,bio,<blank>,,,"Turner, Nat,","The confessions of Nat Turner, the leader of the late insurrection in Southampton, Va., as fully and voluntarily made to Thomas R. Gray, in the prison where he was confined, and acknowledged by him to be such, when read before the Court of Southampton"
hvd.hx2pgr,1817,1817,1817,,bio,<blank>,,,"Grosvenor, Thomas Peabody,","A sketch of the life, last sickness, and death of Mrs. Mary Jane Grosvenor"
mdp.39015063937695,1816,1816,1816,,fic,v.1,,,"Moore, John,",Edward
mdp.39015005708154,1842,1842,1842,,bio,v.2 1842,,,"Madden, Richard Robert,","The United Irishmen, their lives and times"
uiuo.ark+=13960=t5v69t480,1809,1809,1809,,fic,v.3,,,"Francis, Sophia L.","Angelo Guicciardini, or, The bandit of the Alps"
njp.32101064631771,1801,1801,1801,,fic,v.2,,,"Sickelmore, Richard.",Raymond
nnc2.ark+=13960=t2g73fm8j,1810,1810,1810,,bio,v. 4 1810,,,"Wordsworth, Christopher,","Ecclesiastical biography, or, Lives of eminent men connected with the history of religion in England"
uiuo.ark+=13960=t19k4ms4x,1834,1834,1834,,fic,v.3,,,"Carleton, William,",Traits and stories of the Irish peasantry
yale.39002040777956,1828,1828,1828,,bio,v.3,,,"Nares, Edward,","Memoirs of the life and administration of the Right Honourable William Cecil, lord Burghley"
uiuo.ark+=13960=t8x92x07s,1810,1810,1810,,fic,v.3,,,"Hatton, Ann Julia (Kemble)","Cambrian pictures, or, Every one has errors"
njp.32101064790775,1835,1835,1835,,fic,vol. 1,,,"Stanhope, Louisa Sidney.",Sydney Beresford;
uc2.ark+=13960=t6251p85f,1812,1812,1812,,bio,v.12,,,"Chalmers, Alexander,",The general biographical dictionary
mdp.39015056579975,1842,1842,1842,,bio,<blank>,,,"Melville, James,","The autobiography and diary of Mr. James Melvill, with a continuation of the diary"
nnc1.1002277646,1816,1816,1816,,fic,,,,,"Gulzara, princess of Persia; or, The virgin queen"
uiuo.ark+=13960=t6qz2xw44,1818,1818,1818,,fic,v.1,,,"Davenport, Selina.",An angel's form and a devil's heart
uc1.b189273,1832,1832,1832,,bio,v.3,,,"Stebbing, Henry,",Lives of the Italian poets
nnc2.ark+=13960=t3tt4p498,1820,1820,1820,,bio,1820,,,"Taylor, Adam,",Memoirs of the Rev. Dan Taylor
nyp.33433008449278,1839,1839,1839,,bio,v. 1,,,"Howard, Edward,","Memoirs of Admiral Sir Sidney Smith, K.C.B., &c"
yale.39002008728843,1816,1816,1816,,bio,v.5,,,"Wrangham, Francis,",The British Plutarch
nnc1.50180658,1816,1816,1816,,bio,<blank>,,,"Vaughan, Edward Thomas.",Some account of the Reverend Thomas Robinson
hvd.32044074331851,1831,1831,1831,,bio,<blank>,,,"Potter, John Philips,",The religion of Socrates
nyp.33433067304794,1810,1810,1810,,non,v. 10,,,<blank>,The Spectator
uiuo.ark+=13960=t1pg2683c,1803,1803,1803,,fic,v.2,,,"Lyttleton, M.","Peregrine, or, The fool of fortune"
mdp.39015058467419,1816,1816,1816,,non,<blank>,,,"Guillaume de Vaudoncourt, Fr̩d̩ric,",Memoirs on the Ionian Islands
inu.32000004490712,1834,1834,1834,,fic,v.8,,,"Martineau, Harriet,",Illustrations of political economy
uva.x000371054,1825,1825,1825,,bio,<blank>,,,"Carlyle, Thomas,",The life of Friedrich Schiller;
uc2.ark+=13960=t9c53mq69,1838,1838,1838,,fic,,,,"Bayly, Thomas Haynes,",David Dumps
uc1.b3324235,1844,1844,1844,,fic,v.1-2,,,"Daunt, William J. O'Neill,",Saints and sinners
nyp.33433081836342,1826,1826,1826,,fic,v. 3,,,,New Arabian nights' entertainments
uc2.ark+=13960=t6g168c8h,1818,1818,1818,,bio,v.05 pt.01,,,"Aikin, John,",General biography;
nyp.33433069132805,1819,1819,1819,,non,<blank>,,,"Ripley, Dorothy,",The bank of faith and works united
hvd.hn5dnh,1839,1839,1839,,fic,,,,"Barbauld,",Lessons for children
uc2.ark+=13960=t52f7sg73,1812,1812,1812,,bio,v.02,,,"Chalmers, Alexander,",The general biographical dictionary
uiuo.ark+=13960=t6n01d992,1842,1842,1842,,fic,v.2,,,"Akerman, John Yonge,",London legends
hvd.hn4rcs,1810,1810,1810,,fic,v.3,,,"Cervantes Saavedra, Miguel de,","The life and exploits of the ingenious gentleman, Don Quixote de la Mancha"
hvd.hwjt4e,1842,1842,1842,,fic,,,,"Ellis, Sarah Stickney,",Somerville Hall
uiuo.ark+=13960=t9183k54p,1835,1835,1835,,fic,v.1,,,"Blessington, Marguerite,",The two friends;
hvd.hwjrbr,1839,1839,1839,,bio,v.3,,,"Boswell, James,","The life of Samuel Johnson, LL.D"
nyp.33433082364005,1842,1842,1842,,bio,<blank>,,,<blank>,The Life of Benjamin Franklin
nyp.33433074378864,1807,1807,1807,,fic,v. 3,,,,Palmerin of England
njp.32101063579104,1832,1832,1832,,fic,,,,,The adventures of Count d'Orveau
loc.ark+=13960=t0cv4mm0v,1838,1838,1838,,bio,<blank>,,,"Graham, James,","Speech of Mr. James Graham, of North Carolina, on the bill making an appropriation to prevent and suppress Indian hostilities"
uiuo.ark+=13960=t7jq1gs3v,1812,1812,1812,,fic,v.5,,,"Edgeworth, Maria,",Tales of fashionable life
nyp.33433076080021,1836,1836,1836,,bio,v. 2,,,"Bentley, Richard,",The works of Richard Bentley
njp.32101069157459,1808,1808,1808,,fic,v.1,,,"Cottin,",Clara
nyp.33433067303937,1807,1807,1807,,fic,v. 1,,,"Roche, Regina Maria,","The discarded son; or, Haunt of the banditti"
nyp.33433074955034,1800,1800,1800,,fic,v. 1,,,"Lathom, Francis,",Men and manners
uva.x002127356,1822,1822,1822,,bio,<blank>,,,"Ashmun, J.","Memoir of the life and character of the Rev. Samuel Bacon, A. M., late an officer of marines in the United States' service"
njp.32101064791476,1850,1850,1850,,fic,vol. 3,,,"Trollope, Frances Milton,",Petticoat government;
uc2.ark+=13960=t5r786m5d,1834,1834,1834,,bio,<blank>,,,"Linn, William,",The life of Thomas Jefferson
nnc1.0022556605,1830,1830,1830,,fic,v.3,,,"Shelley, Mary Wollstonecraft,",The fortunes of Perkin Warbeck
wu.89097208052,1810,1810,1810,,bio,v.5,,,"Wordsworth, Christopher,","Ecclesiastical biography, or, Lives of eminent men connected with the history of religion in England"
uc2.ark+=13960=t47p90b4s,1831,1831,1831,,fic,v.0002,,,"Hope, Thomas,","Anastasius; or, Memoirs of a Greek"
uiuo.ark+=13960=t2k65383v,1819,1819,1819,,fic,v.2,,,"Rennie,.",Saint Patrick
nyp.33433082390042,1811,1811,1811,,bio,<blank>,,,"Trotter, John Bernard,",Memoirs of the latter years of the Right Honorable Charles James Fox
nyp.33433075743546,1822,1822,1822,,fic,v. 2,,,"Scott, Walter,",The pirate
njp.32101019096229,1801,1801,1801,,bio,<blank>,,,"Stewart, Dugald,",Account of the life and writings of William Robertson
hvd.hn2gvx,1821,1821,1821,,fic,v.2,,,"Argus, Arabella.",Ostentation and liberality
nyp.33433074954987,1802,1802,1802,,fic,v. 5,,,"Cullen, Margaret.",Home
nyp.33433074955497,1826,1826,1826,,fic,v. 2,,,"Banim, John,",Tales by the O'Hara family
nyp.33433082417159,1807,1807,1807,,non,v. 1 (IN A.L.A INDEX),,,<blank>,The historic gallery of portraits and paintings;
njp.32101065841817,1817,1817,1817,,fic,v. 3,,,"Brooke, Frances,",Manners
njp.32101068971090,1826,1826,1826,,fic,vol.2,,,"Kelty, Mary Ann,",The story of Isabel;
njp.32101068167186,1801,1801,1801,,fic,vol.2,,,"Dallas, Robert Charles,",Percival
nyp.33433075723415,1812,1812,1812,,fic,v. 1,,,"Watson,","Rosamund, countess of Clarenstein"
hvd.32044011632619,1830,1830,1830,,bio,v.1,,,"Chambers, Robert,",The life of King James the First
mdp.39015046500552,1849,1849,1849,,fic,v.1,,,"Paulding, James Kirke,",The Puritan & his daughter
hvd.hwp49i,1828,1828,1828,,bio,<blank>,,,"Bausset-Roquefort, Louis Fran̤ois Joseph,",Private memoirs of the court of Napoleon
mdp.39015062205078,1835,1835,1835,,bio,<blank>,,,"Williams, Edwin,",Narrative of the recent voyage of Captain Ross to the Arctic regions in the years 1829-30-31-32-33
njp.32101063604019,1828,1828,1828,,fic,,,,,The faithful little girl
mdp.39015014840691,1807,1807,1807,,bio,v.2,,,"Sidney, Philip,",Aphorisms of Sir Philip Sidney;
mdp.39015067116650,1809,1809,1809,,letters,<blank>,,,"[Porter, Robert Ker]",Letters from Portugal and Spain
nyp.33433074868542,1816,1816,1816,,fic,v. 2,,,"Hofland,",The affectionate brothers
nyp.33433075963482,1850,1850,1850,,bio,<blank>,,,"Webster, John White,",Report of the trial of Prof
uc2.ark+=13960=t14m94n5h,1806,1806,1806,,bio,v.2,,,"Pitt, William,","The speeches of the Right Honourable William Pitt, in the House of commons"
uc2.ark+=13960=t2b85623x,1844,1844,1844,,bio,v.0001,,,"Bell, Henry Glassford,",Life of Mary queen of Scots
hvd.rsl7pt,1826,1826,1826,,bio,v.2,,,"Aikin, Lucy,",Memoirs of the court of Queen Elizabeth
wu.89054437066,1843,1843,1843,,bio,<blank>,,,"Raimbach, Abraham,","Memoirs and recollections of the late Abraham Raimbach, esq., engraver"
uc2.ark+=13960=t41r6rc41,1816,1816,1816,,fic,v.2,,,"Poplicola, Demodocus,","John Bull's Bible; or, Memoirs of the stewardship and stewards of John Bull's manor of Great Albion"
mdp.39015005487379,1833,1833,1833,,bio,<blank>,,,"Irving, Washington,",The life and voyages of Christopher Columbus
nyp.33433082364096,1828,1828,1828,,bio,v. 1,,,"Franklin, Benjamin,",M̩moires sur la vie de Benjamin Franklin
uiuo.ark+=13960=t8gf19s26,1816,1816,1816,,fic,v.2,,,"Lamb, Caroline,",Glenarvon
nyp.33433074855077,1830,1830,1830,,fic,v. 2,,,"Galt, John,",Southennan
nyp.33433074863246,1819,1819,1819,,fic,v. 2,,,"Ross,",Hesitation
uc1.b287480,1809,1809,1809,,fic,v. 1,,,"Moore, Thomas George.",The bachelor
uc2.ark+=13960=t0ms3k70m,1842,1842,1842,,fic,,,,"Sargent, Epes,",Wealth and worth;
uva.x000026253,1835,1835,1835,,bio,V.2,,,"Mackenzie, Alexander Slidell,",The American in England
nyp.33433082361712,1820,1820,1820,,bio,v. 6,,,"Coxe, William,","Memoirs of John, duke of Marlborough"
njp.32101074486992,1822,1822,1822,,fic,vol.3,,,"Scott, Walter,",Historical romances of the author of Waverley
njp.32101068163797,1816,1816,1816,,fic,vol.3,,,,Lavinia Fitz-Aubyn
njp.32101072857939,1820,1820,1820,,fic,v.8,,,"Richardson, Samuel,","Clarissa, or, The history of a young lady"
njp.32101038142988,1805,1805,1805,,bio,<blank>,,,"Johnson, Samuel,",The lives of the most eminent English poets
wu.89097426803,1807,1807,1807,,bio,v.2,,,"Woodhouselee, Alexander Fraser Tytler,",Memoirs of the life and writings of the Honourable Henry Home of Kames
hvd.hn2b14,1842,1842,1842,,bio,<blank>,,,"Baldwin, Charles N.,",A universal biographical dictionary
uiuo.ark+=13960=t46q2ht4n,1835,1835,1835,,fic,v.2,,,"Norton, Caroline Sheridan,","The wife, and Woman's reward"
nyp.33433074806906,1839,1839,1839,,fic,,,,"Irving, Washington,","Salmagundi, or, The whim-whams and opinions of Launcelot Langstaff, esq., and others"
yale.39002005799243,1840,1840,1840,,bio,v.1,,,"Romilly, Samuel,",Memoirs of the life of Sir Samuel Romilly
mdp.39015031231015,1830,1830,1830,,bio,v.2,,,"Wilson, Walter,",Memoirs of the life and times of Daniel De Foe
uc2.ark+=13960=t0xp78q1x,1818,1818,1818,,bio,v.07 pt.02,,,"Aikin, John,",General biography;
uc1.b3324323,1840,1840,1840,,fic,v.1,,,"James, G. P. R.",The man at arms
mdp.39015032049135,1834,1834,1834,,bio,v.27,,,"Scott, Walter,","The prose works of Sir Walter Scott, bart"
nyp.33433067364574,1824,1824,1824,,bio,<blank>,,,"Brydges, Egerton,",Letters on the character and poetical genius of Lord Byron
uc1.b4071085,1856,1856,1856,,bio,v.2,,,"Napier, Mark,",Memoirs of the Marquis of Montrose
yale.39002030681044,1900,1900,1900,,bio,v.3,,,<blank>,Days of the dandies
uc2.ark+=13960=t9x062z3r,1900,1900,1900,,fic,,,,"Crockett, S. R.",The Stickit minister's wooing
mdp.39015063024320,1867,1867,1867,,bio,v.2,,,"Lonsdale, Henry,",The worthies of Cumberland
nnc1.1002213257,1858,1858,1858,,fic,,,,"Ram, Stopford James,",Greatness in little things
loc.ark+=13960=t6xw4j238,1891,1891,1891,,bio,<blank>,,,"Maynard, Nettie Colburn,",Was Abraham Lincoln a spiritualist?
loc.ark+=13960=t57d31h8m,1884,1884,1884,,bio,<blank>,,,"Foster, William E.",Stephen Hopkins
wu.89054394960,1879,1879,1879,,bio,v. 10,,,"Sweetser, M. F.",Artist-biographies
uc2.ark+=13960=t84j0j87b,1871,1871,1871,,bio,v.01,,,"Fitzgerald, Percy Hetherington,",The Kembles;
uiuo.ark+=13960=t2v41083w,1855,1855,1855,,fic,v.2,,,"Armstrong, F. Claudius.",The warhawk
nyp.33433074866009,1852,1852,1852,,fic,,,,"Howitt, Mary Botham,",Gabriel
uc1.b611810,1889,1889,1889,,bio,<blank>,,,"Goethe, Johann Wolfgang von,",Early and miscellaneous letters of J. W. Goethe
loc.ark+=13960=t2w382986,1893,1893,1893,,bio,<blank>,,,<blank>,"Portrait and biographical record of Buchanan and Clinton counties, Missouri;"
nyp.33433082343108,1851,1851,1851,,bio,<blank>,,,"Henry, Paul Emil,",The life and times of John Calvin
loc.ark+=13960=t6542v98c,1862,1862,1862,,bio,<blank>,,,"Butler, William Allen,",Martin Van Buren
uiuo.ark+=13960=t2c82xq1b,1866,1866,1866,,fic,v.2,,,Clyffards.,The Clyffards of Clyffe
uiuo.ark+=13960=t9w08zp3c,1876,1876,1876,,bio,<blank>,,,"Power, John Carroll,","History of the early settlers of Sangamon County, Illinois"
loc.ark+=13960=t57d36z2m,1890,1890,1890,,bio,<blank>,,,"Rand, John C.",One of a thousand
nyp.33433082142161,1892,1892,1892,,bio,v. 3 (1882-86),,,<blank>,Eminent persons
wu.89097025746,1859,1859,1859,,bio,<blank>,,,<blank>,Biography and history
njp.32101065203703,1859,1859,1859,,fic,vol.2,,,"Piddington, Rose.",The last of the Cavaliers
nyp.33433082409503,1869,1869,1869,,bio,<blank>,,,"Gibbon, Edward,","The autobiography and correspondence of Edward Gibbon, the historian"
nyp.33433082348008,1858,1858,1858,,bio,v. 2,,,"Metcalfe, Charles Theophilus Metcalfe,","The life and correspondence of Charles, Lord Metcalfe"
nyp.33433074937479,1870,1870,1870,,fic,,,,"Disraeli, Benjamin,",Henrietta Temple
nyp.33433067316947,1900,1900,1900,,fic,v. 15-16,,,"Balzac, Honor̩ de,",The works of Honor̩ de Balzac
uc2.ark+=13960=t1pg1jx44,1889,1889,1889,,fic,,,,"Curtin, Jeremiah,",Myths and folk-lore of Ireland
uc1.b4101633,1866,1866,1866,,fic,v.3,,,"Eliot, George,",Felix Holt
loc.ark+=13960=t7vm4km47,1887,1887,1887,,bio,<blank>,,,<blank>,"Portrait and biographical album of Mahaska County, Iowa"
nyp.33433082525829,1853,1853,1853,,fic,,,,,The Favorite story book
nnc1.cr60027193,1884,1884,1884,,fic,,,,"Clark, Francis E.",...Our business boys
mdp.39015004950401,1851,1851,1851,,fic,,,,"Hawthorne, Nathaniel,",Twice-told tales
njp.32101073439943,1851,1851,1851,,fic,v.1,,,"Goethe, Johann Wolfgang von,",Wilhelm Meister's apprenticeship and travels
loc.ark+=13960=t10p16p37,1850,1850,1850,,bio,<blank>,,,<blank>,The Bi-centennial book of Malden
uiuo.ark+=13960=t5cc1d50z,1885,1885,1885,,fic,v.2,,,"Greville, Violet,",Creatures of clay
uc1.b4006384,1851,1851,1851,,bio,v.4,,,"Strickland, Agnes,",Lives of the queens of England
uc1.b4105007,1897,1897,1897,,fic,,,,"Hardy, Thomas,",The well-beloved;
uc2.ark+=13960=t4rj4g518,1867,1867,1867,,fic,,,,"Jerrold, Douglas William,",The story of a feather
uc1.b3327263,1868,1868,1868,,fic,v. 1,,,"Yonge, Charlotte M.",The chaplet of pearls;
uc2.ark+=13960=t5fb5403n,1883,1883,1883,,bio,<blank>,,,"Maxwell, Edward Herbert,","With the Connaught rangers in quarters, camp, and on leave"
yale.39002040675887,1852,1852,1852,,bio,v.2,,,"Hardy, Thomas Duffus,",Memoirs of the Right Honourable Henry Lord Langdale
mdp.39015078551069,1850,1850,1850,,fic,,,,"Defoe, Daniel,","Life and adventures of Robinson Crusoe, of York, mariner"
uc1.b4104315,1878,1878,1878,,fic,,,,,Ponce de Leon
uc2.ark+=13960=t9d50jg13,1863,1863,1863,,bio,<blank>,,,"Poel, Emma.",Life of Amelia Wilhelmina Sieveking
nyp.33433061845768,1867,1867,1867,,bio,<blank>,,,"Beard, Richard,",Brief biographical sketches of some of the early ministers of the Cumberland Presbyterian Church
loc.ark+=13960=t05x2px4q,1897,1897,1897,,bio,<blank>,,,"Whittemore, Henry,",The heroes of the American revolution and their descendants
uiuo.ark+=13960=t7pn9rd2b,1871,1871,1871,,fic,v.2,,,"Pomeroy, John.",The Scandinavian ring. A novel
mdp.39015017686273,1890,1890,1890,,fic,,,,"Henty, G. A.",The tiger of Mysore;
uiuo.ark+=13960=t04x5m49t,1863,1863,1863,,fic,v.3,,,"Clarke, Charles.",Charlie Thornhill;
uc2.ark+=13960=t2794253n,1867,1867,1867,,fic,,,,"Lawrence, George Alfred,",Guy Livingstone
nyp.33433074864848,1862,1862,1862,,fic,,,,"Gore,",The royal favourite
njp.32101066457761,1892,1892,1892,,fic,,,,"Connelly, J. H.",The lost mine
mdp.39015078554253,1900,1900,1900,,fic,,,,"Defoe, Daniel,",Robinson Crusoe
wu.89105742084,1898,1898,1898,,bio,v.31,,,<blank>,American statesmen
uc1.b68215,1885,1885,1885,,bio,v.2,,,"Garrison, Wendell Phillips,","William Lloyd Garrison, 1805-1879;"
uva.x002008675,1856,1856,1856,,bio,v.2,,,"Lewes, George Henry,",The life and works of Goethe
uc2.ark+=13960=t1jh3g53t,1868,1868,1868,,fic,,,,"Valentine, L.",Eastern tales
uc2.ark+=13960=t37080t31,1885,1885,1885,,bio,<blank>,,,"Wright, Augustine W.","In memoriam, John S. Wright"
nyp.33433034410674,1881,1881,1881,,fic,,,,"Parr, Louisa,",Adam and Eve
nyp.33433070292655,1858,1858,1858,,bio,<blank>,,,"Adams, Charles,","Words that shook the world; or, Martin Luther his own biographer"
uc1.b3516783,1900,1900,1900,,bio,<blank>,,,"Lawrence, Arthur,","Sir Arthur Sullivan; life story, letters, and reminiscences"
uc2.ark+=13960=t6c24wq64,1881,1881,1881,,fic,,,,"Sewell, Elizabeth Missing,",Ivors
nyp.33433076080898,1851,1851,1851,,fic,,,,"Shelton, F. W.",Salander and the dragon
wu.89099334476,1870,1870,1870,,bio,v.2,,,"Lamington, Alexander Dundas Ross Wishart Cochrane-Baillie,","Francis the First, and other historic studies"
loc.ark+=13960=t3bz68n7v,1870,1870,1870,,bio,<blank>,,,"Barnes, William Horatio.",The Fortieth Congress of the United States
nyp.33433076057680,1866,1866,1866,,fic,,,,,"Favorite authors, a companion-book of prose and poetry"
nyp.33433082337332,1866,1866,1866,,bio,<blank>,,,"Ludlow, John Malcolm Forbes,","President Lincoln, self-pourtrayed"
uc1.b3123799,1882,1882,1882,,fic,v.2,,,"Riddell, J. H.,",Daisies and buttercups
mdp.39015063919131,1883,1883,1883,,fic,,,,"Hardy, Arthur Sherburne,",But yet a woman;
nyp.33433074969340,1850,1850,1850,,fic,,,,"Dickens, Charles,",Sissy Jupe;
loc.ark+=13960=t56d67j4f,1883,1883,1883,,bio,<blank>,,,"Daniel, John Warwick,",Robert Edward Lee
uc1.b3549878,1874,1874,1874,,fic,v.23,,,"Dickens, Charles,",The works of Charles Dickens
mdp.39015031236519,1881,1881,1881,,fic,,,,"Howells, William Dean,",A day's pleasure
mdp.39015016780861,1850,1850,1850,,bio,<blank>,,,"Pennington, James W. C.",The fugitive blacksmith;
njp.32101075987329,1865,1865,1865,,bio,<blank>,,,"Hewit, Augustine F.",Life of the Rev. Francis A. Baker
njp.32101068168846,1883,1883,1883,,fic,,,,"Francillon, R. E.",One by one
nnc1.cu50263471,1872,1872,1872,,fic,,,,"M�_hlbach, L.",The daughter of an empress
umn.31951002405324i,1868,1868,1868,,bio,<blank>,,,"Hugo, Thomas,",The Bewick collector
loc.ark+=13960=t4sj1k328,1881,1881,1881,,bio,<blank>,,,"Boardman, George Dana,",An address in commemoration of James Abram Garfield
uc1.b4407865,1890,1890,1890,,bio,<blank>,,,"Conway, Moncure Daniel,",Life of Nathaniel Hawthorne
loc.ark+=13960=t4cn7w50h,1878,1878,1878,,bio,<blank>,,,"Jones, Adolphus Eberhardt. [from old catalog]","Address of Col. A. E. Jones, at Turpin's Grove, Anderson Township"
loc.ark+=13960=t55d9k948,1867,1867,1867,,bio,<blank>,,,"Swain, David L.",Early times in Raleigh
nyp.33433082190251,1879,1879,1879,,fic,,,,"Church, Alfred John,",Stories from Virgil
njp.32101067484780,1880,1880,1880,,bio,<blank>,,,"Arnold, Isaac Newton,",The life of Benedict Arnold;
mdp.39015062792687,1874,1874,1874,,bio,v.1,,,"Bewick, William,",Life and letters of William Bewick (artist)
uc2.ark+=13960=t47p8w13n,1856,1856,1856,,fic,,,,"Urbino, L. B.",The home angel
uc1.b3328849,1858,1858,1858,,fic,v.7,,,"Scott, Walter,",Waverley novels
nyp.33433082333968,1852,1852,1852,,bio,v. 1,,,"Jeffrey, Francis Jeffrey,",Life of Lord Jeffrey
uc2.ark+=13960=t57d2s689,1856,1856,1856,,fic,v.003,,,"Hubback,",The old vicarage
mdp.39015004302140,1874,1874,1874,,fic,v.1,,,"Trollope, Anthony,",Phineas redux
uc2.ark+=13960=t0bv7cn26,1897,1897,1897,,bio,<blank>,,,"Douglas, George,",The Blackwood group
nyp.33433074968516,1900,1900,1900,,fic,,,,"Dudeney, Henry,",Men of Marlowe's
njp.32101068585114,1876,1876,1876,,fic,1st. ser,,,"Mitford, Mary Russell,",Our village
mdp.39015071134558,1870,1870,1870,,bio,<blank>,,,"Parker, Henry,",Autobiography of Henry Parker
nyp.33433075859979,1852,1852,1852,,bio,v. 26,,,"Newcome, Henry,",The autobiography of Henry Newcome
uc1.b4071025,1858,1858,1858,,bio,v.2,,,"Campbell, John Campbell,",The lives of the chief justices of England
uiuo.ark+=13960=t19k4q55k,1858,1858,1858,,fic,v.3,,,,"Eva Desmond, or, Mutation"
umn.31951p005426612,1881,1881,1881,,fic,v.3,,,"Rodenberg, Julius,",The Grandidiers
mdp.39015008890546,1884,1884,1884,,bio,<blank>,,,"Brainerd, David,","Memoirs of Rev. David Brainerd, missionary to the Indians of North America"
uc1.b4102978,1857,1857,1857,,fic,,,,"Ballantyne, R. M.",Ungava
nyp.33433076092075,1887,1887,1887,,fic,"v. 7 (Middlemarch, no. 1)",,,"Eliot, George,",George Eliot's complete works
nyp.33433082411830,1893,1893,1893,,bio,<blank>,,,"Harland, Marion,",The story of Mary Washington
mdp.39015066053763,1866,1866,1866,,bio,v.2,,,"Johnson, Samuel,",Lives of the most eminent English poets
yale.39002013450755,1856,1856,1856,,bio,<blank>,,,"Thomson, E.",Sketches biographical and incidental
uc2.ark+=13960=t6f18w41w,1900,1900,1900,,bio,v.015,,,"Bacon, Francis,",The works of Francis Bacon
njp.32101067487320,1881,1881,1881,,bio,vol.2,,,"Symington, Andrew James,",William Wordsworth : a biographical sketch
loc.ark+=13960=t57d32h81,1881,1881,1881,,bio,<blank>,,,"[Holden, Frinfill Blake] [from old catalog]",Sketch of the life and times of Dr. David Ray
loc.ark+=13960=t0ks71d5v,1882,1882,1882,,bio,<blank>,,,"Youngblood, Charles L. b.",Adventures of Chas
mdp.39015011690909,1872,1872,1872,,bio,<blank>,,,"Elgin, James Bruce,","Letters and journals of James, eighth earl of Elgin"
uc1.b3549034,1867,1867,1867,,fic,,,,"Edwards, Annie,",Archie Lovell
mdp.39015073486543,1895,1895,1895,,fic,,,,"Henty, G. A.",Dorothy's double
nyp.33433074947015,1893,1893,1893,,fic,,,,"Cobban, J. Maclaren",The burden of Isabel
uc1.b84470,1872,1872,1872,,bio,v. 1,,,"Jackson, George,","The diaries and letters of Sir George Jackson, K. C. H., from the peace of Amiens to the battle of Talavera"
njp.32101068179041,1874,1874,1874,,fic,vol.3,,,"Harwood, John Berwick.",Lady Livingston's legacy
uc2.ark+=13960=t4cn70x6h,1865,1865,1865,,fic,v.001,,,"MacDonald, George,",Alec Forbes of Howglen
nyp.33433082380985,1900,1900,1900,,bio,<blank>,,,"Johnson, Wolcott Howe,","Samuel Johnson, a memorial: March 20, 1826-August 13, 1899"
nnc2.ark+=13960=t9j38x61n,1851,1851,1851,,bio,v. 7 1851,,,"Strickland, Agnes,",Lives of the queens of Scotland and English princesses connected with the regal succession of Great Britain
uiuo.ark+=13960=t0ms40h0j,1884,1884,1884,,fic,v.2,,,"Besant, Walter,",Dorothy Forster
uiuo.ark+=13960=t4hm5hr2p,1872,1872,1872,,fic,v.3,,,"Chatterton, Georgiana,",The lost bride
njp.32101066470160,1874,1874,1874,,bio,<blank>,,,<blank>,Leonardo da Vinci and his works
mdp.39015066358394,1857,1857,1857,,bio,v.4,,,"Saint-Simon, Louis de Rouvroy,",The memoirs of the Duke of Saint Simon on the reign of Louis XIV. and the regency;
njp.32101072900200,1855,1855,1855,,bio,<blank>,,,"Hart, John S.",The female prose writers of America (more than half biography)
wu.89005536313,1889,1889,1889,,bio,1,,,"Hamilton, Anthony,",M̩moirs of the Count de Grammont
uc2.ark+=13960=t3319sr2n,1882,1882,1882,,fic,,,,"Warner, Susan,",The letter of credit
uc1.b3579000,1882,1882,1882,,bio,<blank>,,,"Underwood, Francis Henry,",The life of Henry Wadsworth Longfellow;
nyp.33433075770275,1870,1870,1870,,fic,v. 2,,,"Wood, Henry,",George Canterbury's will
nyp.33433075743421,1890,1890,1890,,fic,,,,"Scott, Walter,","The black dwarf, and A legend of Montrose"
yale.39002051067065,1874,1874,1874,,bio,<blank>,,,"Farrar, Frederic William,",The life of Christ
uc1.b250573,1869,1869,1869,,fic,v. 3,,,"Tabor, Eliza.",Meta's faith
nyp.33433074962238,1898,1898,1898,,fic,,,,"Ollivant, Alfred,","Bob, son of Battle"
uc2.ark+=13960=t3st7fp1h,1891,1891,1891,,fic,,,,"Fr̩mont, Jessie Benton,",The will and the way stories
uc2.ark+=13960=t12n5040x,1856,1856,1856,,fic,,,,"Reid, Mayne,",The bush-boys;
uc2.ark+=13960=t3hx18q4m,1885,1885,1885,,fic,,,,"Lauder, Maria Elise Turner.","Legends and tales of the Harz Mountains, North Germany"
uc2.ark+=13960=t0tq5rz9c,1889,1889,1889,,fic,,,,"Jessop, George Henry,",Gerald Ffrench's friends
uc2.ark+=13960=t3513vh35,1897,1897,1897,,fic,,,,"Griffith, George.",Briton or Boer?
wu.89073389363,1881,1881,1881,,bio,<blank>,,,"Besant, Walter,",Sir Richard Whittington
wu.89098886948,1895,1895,1895,,bio,<blank>,,,<blank>,"In memoriam, Mary Gilmore Bingham"
uc2.ark+=13960=t1qf8jx0t,1881,1881,1881,,bio,<blank>,,,"Chaplin, Jeremiah,",Chips from the White House;
njp.32101067179455,1851,1851,1851,,fic,v.1,,,"Trollope, Frances Milton,",Mrs. Mathews;
uc1.b3332084,1880,1880,1880,,fic,v. 11,,,"Thackeray, William Makepeace,",[Works]
nyp.33433074861828,1870,1870,1870,,fic,,,,"Durivage, Francis A.","The three brides, Love in a cottage, and other tales"
nyp.33433082544754,1866,1866,1866,,bio,<blank>,,,"Dorsey, Sarah A.",Recollections of Henry Watkins Allen
mdp.39015021918225,1890,1890,1890,,fic,,,,"Southworth, Emma Dorothy Eliza Nevitte,",Fulfilling her destiny
nnc1.cu58360115,1881,1881,1881,,fic,,,,"Sturgis, Rebecca Forbes.",The price of life
mdp.39015059408222,1852,1852,1852,,fic,,,,"James, G. P. R.",Pequinillo
loc.ark+=13960=t5r78mw30,1890,1890,1890,,bio,<blank>,,,"Brown, John Henry,",Indian wars and pioneers of Texas
wu.89065914467,1853,1853,1853,,bio,<blank>,,,"Weed, Edward,",Faith and works
uva.x030832710,1893,1893,1893,,fic,v.9,,,"Lytton, Edward Bulwer Lytton,",Alice;
loc.ark+=13960=t6349d28w,1868,1868,1868,,bio,<blank>,,,"Lanman, Charles,",Dictionary of the United States Congress
nyp.33433082359534,1867,1867,1867,,bio,v. 2,,,"Pepys, Samuel,",Diary and correspondence of Samuel Pepys
uc1.b187348,1867,1867,1867,,fic,,,,"Thayer, William Makepeace,","The pioneer boy, and how he became president"
uc2.ark+=13960=t9x062z3r,1900,1900,1900,,fic,,,,"Crockett, S. R.",The Stickit minister's wooing
nyp.33433081785945,1918,1918,1918,,bio,<blank>,,,"Dobbs, Hugh Jackson,","History of Gage County, Nebraska"
nyp.33433076044662,1918,1918,1918,,fic,,,,"Shields, Gertrude M.",Caste three
mdp.39015082091755,1950,1950,1915,,bio,,,,"Thomson, Gladys Scott.","Life in a noble household, 1641-1700"
mdp.39015017688766,1937,1937,1876,,bio,,,,"Trevelyan, George Macaulay,",Grey of Fallodon;
mdp.39015071152212,1920,1920,1920,,bio,<blank>,,,<blank>,An appreciation of Mary Pierce Martin
mdp.39015063918935,1912,1912,1912,,fic,,,,"Birmingham, George A.,",The inviolable sanctuary
mdp.39015048490331,1924,1924,1885,,bio,,,,"Meadowcroft, Charles William,",The place of Eden Phillpotts in English peasant drama
uc2.ark+=13960=t1vd6q22s,1912,1912,1912,,fic,,,,"Bacheller, Irving,","""Charge it"";"
mdp.39015071169240,1917,1917,1917,,bio,<blank>,,,"Harris, Wilmer Carlyle.","Public life of Zachariah Chandler, 1851-1875"
mdp.39015010216946,1945,1945,1865,,bio,,,,"Eckstorm, Fannie Hardy,",Old John Neptune and other Maine Indian shamans
uc2.ark+=13960=t46q1tq0q,1920,1920,1920,,fic,,,,"King, Basil,",The thread of flame
mdp.39015067344146,1911,1911,1911,,bio,v.2,,,"Cowan, Samuel,",The lord chancellors of Scotland
mdp.39015063817392,1941,1941,1906,,bio,,,,"Gavin, Catherine Irvine.","Edward the Seventh, a biography"
uc1.$b372214,1902,1902,1902,,fic,v.6,,,"Richardson, Samuel,",Writings of Samuel Richardson
uc1.b4104676,1913,1913,1913,,bio,<blank>,,,"Hooper, James.",Souvenir of the George Borrow celebration
uc2.ark+=13960=t10p0xq9w,1914,1914,1914,,fic,,,,"Pearson, Edmund Lester,",The secret book
mdp.39015004184696,1941,1941,1898,,bio,,,,"Guttmacher, Manfred S. (Manfred Schanfarber),",America's last king ;
uva.x000612349,1905,1905,1905,,fic,v.1,,,"J�_kai, M�_r,",Works of Maurus J�_kai
uc1.b4218451,1945,1945,1907,,fic,,,,"Ewen, David,",Tales from the Vienna Woods
uc1.$b800144,1923,1923,1872,,fic,,,,"Thompson, H. Alfarata Chapman (Harriet Alfarata Chapman),","Idealia, a Utopian dream, or, Resthaven"
mdp.39015011361055,1936,1936,1901,,bio,v.2,,,"Dugdale, Blanche E. C. (Blanche Elizabeth Campbell)","Arthur James Balfour, First Earl of Balfour, K.G., O.M., F.R.S., etc"
uc1.$b666859,1940,1940,1890,,fic,,,,"Richter, Conrad,",The trees
uc1.$b401314,1946,1946,1911,,fic,,,,"Shelley, Elsa.",Pick-up girl;
uc1.32106020238496,1922,1922,1922,,bio,<blank>,,,"Beatty, Arthur,","William Wordsworth, his doctrine and art in their historical relations"
mdp.39015059409915,1923,1923,1866,,bio,,,,"McArthur, Peter,",Peter McArthur
mdp.39015011540872,1926,1926,1856,,bio,,,,"Sir, Robbins, Alfred,","Parnell, the last five years"
uva.x001866548,1915,1915,1915,,fic,,,,"Waggaman, Mary Teresa,",White Eagle
uc1.$b758419,1925,1925,1876,,bio,,,,"Plaisted, Arthur Henry,","The manor and parish records of Medmenham, Buckinghamshire"
mdp.39015063817608,1937,1937,1872,,bio,,,,"Sir, bart.], [Young, George,",Poor Fred;
uc1.$b675743,1943,1943,1908,,bio,,,,"Knickerbocker, Frances Wentworth (Cutler)",Free minds: John Morley and his friends
uc1.$b751263,1940,1940,1905,,bio,,,,"lady. Murray, Mildred (March)",The making of a civil servant
uc1.b4440003,1936,1936,1879,,bio,,,,"Stefan, Paul,",Arturo Toscanini
mdp.39015012198621,1945,1945,1910,,fic,,,,"Dane, Clemence.",He brings great news
umn.31951002314450j,1902,1902,1902,,bio,v.9,,,<blank>,Library of inspiration and achievement
mdp.39015074187975,1937,1937,1902,,bio,,,,"Miles, A. C.",Mosley in motley
mdp.39015063626413,1925,1925,1880,,bio,,,,"Strachey, Lytton,",Queen Victoria
uc2.ark+=13960=t9p26sm8w,1911,1911,1911,,fic,,,,"Serl, Emma,",In fableland
uc2.ark+=13960=t2h709220,1918,1918,1918,,fic,,,,"Train, Arthur,",The earthquake
mdp.39015063514007,1902,1902,1902,,fic,,,,"Holland, Clive,",My Japanese wife ;
osu.32435066780578,1935,1935,1895,,fic,,,,"Gardner, Anne,",All that glitters
wu.89099774127,1938,1938,1903,,fic,,,,"Cleugh, James.",Tuscan spring
loc.ark+=13960=t13n28971,1922,1922,1922,,bio,<blank>,,,"McSpadden, J. Walker",The story of Abraham Lincoln
uc1.$b245089,1925,1925,1880,,fic,,,,"Van Vechten, Carl,",Firecrackers ;
mdp.39015005729499,1926,1926,1872,,fic,,,,"Sir, Beerbohm, Max,",Zuleika Dobson
uc1.b3025125,1913,1913,1913,,bio,v. 6,,,"Grisar, Hartmann,",Luther
mdp.39015024534490,1923,1923,1923,,bio,<blank>,,,<blank>,Elbert Hubbard's scrap book
uc1.32106001597878,1922,1922,1922,,bio,<blank>,,,"Tolstai��a, S. A.",Autobiography of Countess Tolstoy Sophie Andreevna Tolstoy
mdp.39015030747359,1923,1923,1890,,fic,,,,"Herbert, A. P. (Alan Patrick),",The man about town
mdp.39015025814230,1949,1949,1898,,bio,,,,"Blackburn, Barbara,","Noble lord, the life of the Seventh Earl of Shaftesbury"
mdp.39076002630999,1928,1928,1893,,fic,,,,"Aspinwall, Marguerite.",Sea girl
mdp.39015071143328,1918,1918,1918,,bio,<blank>,,,<blank>,Bench & bar of Michigan
mdp.39015001841017,1938,1938,1883,,bio,,,,"Sir, Mackenzie, Compton,",The Windsor tapestry;
uc1.b3322482,1915,1915,1915,,fic,,,,"Chambers, Robert W.",Police !!!
mdp.39015013018604,1914,1914,1914,,bio,v.11,,,"Baring-Gould, S.",The lives of the saints
mdp.39015022072378,1938,1938,1895,,bio,,,,"Pearson, E. S. (Egon Sharpe),",Karl Pearson;
uc1.b3516783,1900,1900,1900,,bio,<blank>,,,"Lawrence, Arthur,","Sir Arthur Sullivan; life story, letters, and reminiscences"
uc2.ark+=13960=t72v2d072,1917,1917,1917,,fic,,,,"Torrence, Ridgely,","Granny Maumee, The rider of dreams, Simon the Cyrenian;"
mdp.39015065863600,1942,1942,1889,,bio,v.2,,,"2d Marquis of, Reading, Gerald Rufus Isaacs,","Rufus Isaacs, first marquess of Reading, P. C., G. C. B., G. C. S. I., G. C. I. E., G. C. V. O"
mdp.39015002758004,1936,1936,1863,,fic,,,,"Santayana, George,",The last Puritan
mdp.39015005722197,1912,1912,1912,,bio,<blank>,,,"Tomita, Kokei.",A peasant sage of Japan;
umn.31951001697946m,1917,1917,1917,,fic,,,,"Bartlett, Vernon.","Mud and khaki, sketches from Flanders and France"
uc2.ark+=13960=t0js9js4z,1911,1911,1911,,fic,,,,"Watson, H. B. Marriott",Alise of Astra
mdp.39015030643715,1928,1928,1881,,bio,,,,"Lutz, Hermann,",LordGrey and the world war
uc1.b4101929,1945,1945,1910,,fic,,,,"Baker, Charlotte,",Necessary Nellie;
mdp.39015016448949,1935,1935,1900,,bio,,,,"1904- Halbeisen, Elizabeth Kobus,",Harriet Prescott Spofford
osu.32435076975895,1937,1937,1902,,fic,,,,"Williams, Wright.",Carnival girl
uc1.b3295269,1941,1941,1889,,fic,,,,"Williams, Ben Ames,",The strange woman
wu.89055051874,1927,1927,1887,,bio,,,,"Broad, C. D. (Charlie Dunbar),",Sir Isaac Newton
mdp.39015005674216,1937,1937,1909,,fic,,,,"Hathaway, Baxter,",The stubborn way
uc1.$b299684,1927,1927,1884,,fic,,,,"Boyton, Neil,",Mississippi's blackrobe
uc2.ark+=13960=t36111210,1911,1911,1911,,bio,<blank>,,,"King, Bolton,",The life of Mazzini
mdp.39015031924163,1911,1911,1911,,bio,v.2,,,"St. Paul, Horace,","Colonel St. Paul of Ewart, soldier and diplomat;"
uc1.$b86345,1941,1941,1898,,fic,,,,"Bemelmans, Ludwig,",The donkey inside
mdp.39015068454928,1915,1915,1915,,bio,<blank>,,,"Macdonald, John Hay Athole,",Life jottings of an old Edinburgh citizen
miun.ars5161.0001.001,1915,1915,1915,,bio,<blank>,,,<blank>,Michigan
mdp.39015013280147,1937,1937,1902,,bio,,,,"[Mackintosh, Elizabeth]",Claverhouse
mdp.39015070206290,1917,1917,1917,,bio,<blank>,,,"Penniman, James Hosmer,",George Washington as commander-in-chief
mdp.39015043495996,1923,1923,1923,,bio,v.1,,,"Davis, Jefferson,","Jefferson Davis, constitutionalist"
mdp.39015030641628,1949,1949,1914,,bio,,,,"Smith-Dampier, John Lucius.",East Anglian worthies
mdp.39015030656857,1940,1940,1878,,bio,,,,"Aspinall-Oglander, Cecil Faber,",Admiral's wife;
wu.89067894618,1918,1918,1918,,bio,<blank>,,,"Atwood, Mary Anne,",A suggestive inquiry into the hermetic mystery
inu.32000010035303,1923,1923,1850,,fic,,,,"Champney, Elizabeth W. (Elizabeth Williams),",Romance of the Bourbon cha��teaux
mdp.39015070265940,1934,1934,1899,,bio,,,,"Macaulay, R. H. H.",Trading into Hudson's bay;
mdp.39076006273895,1940,1940,1890,,fic,,,,"Porter, Katherine Anne,",Flowering Judas and other stories
uc1.$b56409,1932,1932,1904,,fic,,,,"Coon, Carleton S. (Carleton Stevens),",Flesh of the wild ox;
uc1.$b795539,1943,1943,1908,,fic,,,,"Litvinov, Ivy (Low)",Moscow mystery
mdp.39015035863102,1925,1925,1875,,fic,,,,"Torrence, Ridgely,",Hesperides
uc1.$b106056,1941,1941,1904,,fic,,,,"Lanham, Edwin,",Thunder in the earth
mdp.39015031936175,1932,1932,1891,,bio,,,,"Dobr̩e, Bonamy,","William Penn, Quaker and pioneer"
nc01.ark+=13960=t6m056533,1913,1913,1913,,fic,,,,"Hornibrook, Isabel,",Heroes of air and sea
wu.89061954947,1923,1923,1923,,bio,<blank>,,,"Lincoln, Waldo,",History of the Lincoln family
uc2.ark+=13960=t9377g25c,1922,1922,1922,,fic,,,,"Beaumont, Gerald.",Riders up!
mdp.39015058424717,1945,1945,1910,,bio,,,,"Hirst, Margaret Esther.","John Bright, a study"
umn.319510004098016,1949,1949,1922,,fic,,,,"Emerson, Suzanne Gould,",Off to college;
uc1.$b322936,1934,1934,1874,,fic,,,,"Baring, Maurice,",The lonely lady of Dulwich
inu.30000005352996,1913,1913,1913,,fic,v.19,,,"Trollope, Anthony,",[Works]
mdp.39015008774443,1938,1938,1887,,bio,,,,"Hodgson, Stuart,",The man who made the peace
uc1.$b236116,1930,1930,1881,,fic,,,,"Cournos, John,",Wandering women ; [The samovar]
mdp.39015063945003,1933,1933,1864,,fic,,,,"Mrs., Miln, Louise Jordan,",Peng Wee's harvest
mdp.39076002226384,1949,1949,1914,,fic,,,,"Deucher, Sybil.",The young Brahms
mdp.39015050602609,1920,1920,1920,,bio,<blank>,,,"Porteus, Thomas Cruddas.",Captain Miles Standish
mdp.39015041641856,1922,1922,1922,,bio,<blank>,,,"Saunders, Kenneth J.",Gotama Buddha
mdp.39015080323846,1930,1930,1895,,bio,,,,"McDermott, F.","William Penn, Thomas Gray, and an account of the historical associations of Stoke Poges"
wu.89097320790,1929,1929,1885,,bio,,,,"Veitch, George Stead,",Huskisson and Liverpool
mdp.39015031298576,1924,1924,1891,,fic,,,,"Paul, Elliot,",Imperturbe
njp.32101076207289,1900,1900,1900,,fic,,,,"Reid, Mayne,","The hunters' feast, or, Conversations around the camp-fire"
uc1.$b244960,1929,1929,1890,,fic,,,,"Stern, G. B. (Gladys Bronwyn),",Petruchio
mdp.39015010450370,1945,1945,1891,,bio,,,,"MacManus, M. J.,",Eamon de Valera
wu.89069269272,1923,1923,1923,,bio,1923,,,"Downie, Mary Lois,","Family history of John Downie, Sr"
mdp.39015063818994,1944,1944,1886,,bio,,,,"Dickson, Charles,",The life of Michael Dwyer
mdp.39015066294581,1922,1922,1922,,fic,v.14,,,"Turgenev, Ivan Sergeevich,",The novels and stories of Iv��n Turg̩nieff
uc1.$b60217,1925,1925,1862,,bio,,,,"Seitz, Don Carlos,",Uncommon Americans
mdp.39015031235156,1937,1937,1898,,fic,,,,"Hatcher, Harlan,",Central standard time
nyp.33433082380985,1900,1900,1900,,bio,<blank>,,,"Johnson, Wolcott Howe,","Samuel Johnson, a memorial: March 20, 1826-August 13, 1899"
uva.x030805976,1905,1905,1905,,fic,,,,"Parrish, Randall,",The sword of the old frontier
mdp.39015036846478,1937,1937,1879,,fic,,,,"Crofts, Freeman Wills,",The Ponson case
mdp.39015039231074,1932,1932,1897,,bio,,,,"Armfield, Anne Constance (Smedley)",Grace Darling and her times
mdp.39015028185430,1923,1923,1865,,bio,v.2,,,"Gardiner, A. G. (Alfred George),",The life of Sir William Harcourt
mdp.39015059403918,1905,1905,1905,,bio,<blank>,,,"Byles, C. E.",The life and letters of R. S. Hawker
nyp.33433074878301,1922,1922,1922,,fic,,,,"Le Queux, William,",The Golden face;
mdp.39015008698790,1912,1912,1912,,bio,<blank>,,,"Gardner, Alice,",The Lascarids of Nicaea
mdp.39015065802194,1928,1928,1872,,fic,,,,"Wharton, James Blanton,",Squad
uc1.$b318497,1938,1938,1894,,fic,,,,"Vercel, Roger,",Tides of Mont St.-Michel
mdp.39015025097083,1950,1950,1905,,fic,,,,"Hahn, Emily,",Purple passage;
uc1.31158003000691,1923,1923,1878,,fic,,,,"Quiroga, Horacio,",South American jungles tales
loc.ark+=13960=t3mw38k83,1922,1922,1922,,fic,,,,"Mason, Arthur,",Ocean echoes;
uc1.$b748043,1946,1946,1911,,bio,,,,"Addison, William George.",J. R. Green
inu.32000009135734,1932,1932,1890,,fic,,,,"Delafield, E. M.,",A good man's love
uc1.$b104271,1950,1950,1917,,fic,,,,"Frye, Pearl,","A game for empires (ambiguous: called a ""biographical novel"")"
mdp.39015074798151,1941,1941,1907,,bio,,,,"Aiken, William Appleton,",The conduct of the Earl of Nottingham
yale.39002002081843,1905,1905,1905,,bio,<blank>,,,"Boulton, William Biggs.",Thomas Gainsborough;
mdp.39015013429546,1950,1950,1881,,bio,,,,"Zweig, Stefan,",The Queen of Scots
uc1.$b243674,1925,1925,1880,,fic,,,,"Morrow, Honore�,",We must march
nyp.33433076046071,1911,1911,1911,,fic,,,,"Mitchell, John Ames,",Pandora's box
mdp.39015013762045,1901,1901,1901,,bio,<blank>,,,"Palmer, John M.",Personal recollections of John M. Palmer;
osu.32435058038647,1923,1923,1888,,fic,,,,"Perrin, Clyde,",The thunderbolt
loc.ark+=13960=t0ms3v61z,1920,1920,1920,,fic,,,,"Andrews, Mary Raymond Shipman,",The counsel assigned
mdp.39015013270387,1933,1933,1889,,bio,,,,"Birrell, Francis,",Gladstone
mdp.39015003676197,1942,1942,1879,,fic,,,,"Fletcher, Inglis,",Raleigh's Eden
mdp.39015010803321,1944,1944,1903,,fic,,,,"Miller, Caroline Pafford,",Lebanon
inu.30000121037133,1937,1937,1903,,fic,,,,"Brown, Bruce,",Arkansas tales
uc1.$b86165,1938,1938,1900,,fic,,,,"Brinig, Myron,",May Flavin
mdp.39015063934817,1936,1936,1865,,fic,,,,"Mason, A. E. W. (Alfred Edward Woodley),",Fire over England
wu.89073389603,1902,1902,1902,,bio,<blank>,,,"Taunton, Ethelred Luke,","Thomas Wolsey, legate and reformer"
mdp.39015063976214,1923,1923,1874,,fic,,,,"Woodward, William E.,",Bunk
wu.89032263527,1928,1928,1876,,bio,v.2,,,"Marquis of, Zetland, Lawrence John Lumley Dundas,",The life of Lord Curzon
mdp.39015012836139,1937,1937,1902,,bio,,,,"Kirby, Chester.",The English country gentleman;
uc2.ark+=13960=t28913c1z,1901,1901,1901,,fic,,,,"Connor, Ralph,",The man from Glengarry;
mdp.39015065612387,1918,1918,1918,,fic,,,,"Hunt, Frazier,",Blown in by the draft;
mdp.39015011495200,1982,1982,1947,,bio,,,,"Dunlop, Richard.","Donovan, America's master spy"
mdp.39015008590914,1983,1983,1948,,bio,,,,"Thatcher, Carol.",Diary of an election
mdp.39015003330944,1972,1972,1937,,bio,,,,"Kogel, Renee.",Pierre Charron
mdp.39076005076414,1968,1968,1933,,fic,,,,"Valen, Herb.",The boy who could enter paintings
mdp.39015082091755,1950,1950,1915,,bio,,,,"Thomson, Gladys Scott.","Life in a noble household, 1641-1700"
mdp.39015063280773,1972,1972,1904,,fic,,,,"Del Mar, Don,",Blood-pearls of Sulu
uc1.b4311105,1952,1952,1882,,bio,,,,"Young, G. M. (George Malcolm),",Stanley Baldwin
mdp.49015002828235,1975,1975,1921,,fic,,,,"Ekwensi, Cyprian,",Jagua Nana
mdp.39015008809959,1956,1956,1921,,bio,,,,"MacColl, Ren̩, 1905-",Roger Casement
inu.30000067169916,1998,1998,1963,,fic,,,,"Botshelo, I. S.",Window of opportunity
uc1.$b451140,1970,1970,1935,,fic,,,,"Markson, David.",Going down
mdp.39015012837525,1953,1953,1906,,fic,,,,"Soldati, Mario,",Dinner with the commendatore
mdp.39015049790838,1970,1970,1935,,bio,,,,"Froggatt, Peter.",Modern epidemiology
mdp.39015008217716,1956,1956,1910,,fic,,,,"Beim, Jerrold,",Thin ice
mdp.39015001065393,1981,1981,1948,,bio,,,,"Lindop, Grevel,",The opium-eater
mdp.39015032385885,1979,1979,1944,,fic,,,,"Sillitoe, Alan.",A start in life
mdp.39015019799017,1962,1962,1927,,bio,,,,"Harley, J. B. (John Brian)","Christopher Greenwood, county mapmaker, and his Worcestershire map of 1822"
mdp.39015007947453,1983,1983,1948,,bio,,,,"Turing, Penelope.",Hans Hotter
mdp.39015002757873,1979,1979,1915,,bio,,,,"Sutton, William Alfred,",Carl Sandburg remembered
mdp.39015012409218,1975,1975,1939,,fic,,,,"Drabble, Margaret,",The realms of gold
mdp.49015001288100,1971,1971,1919,,fic,,,,"Abrahams, Peter,","This island, now"
uc1.b3440821,1983,1983,1931,,fic,,,,"Federspiel, Ju��rg,",The ballad of Typhoid Mary
mdp.39015002982729,1974,1974,1939,,bio,,,,"Dunleavy, Gareth W.",Douglas Hyde
mdp.39015005067304,1982,1982,1947,,fic,,,,"Guest, Judith.",Second heaven
mdp.39015000627409,1977,1977,1942,,fic,,,,"Kotlowitz, Robert.",The boardwalk
mdp.39015002676354,1955,1955,1920,,fic,,,,"Thurston, Jarvis A.",Reading modern short stories
mdp.39015082003693,1958,1958,1923,,bio,,,,"Wiggin, Lewis M.",The faction of cousins;
mdp.39015009174791,1966,1966,1916,,bio,,,,"Inglis, Brian,",Abdication
inu.30000060925363,1996,1996,1961,,fic,,,,"(Sunny G.). Ikhumetse, S. G.",Fingers of yesterday
mdp.39015017632830,1960,1960,1913,,fic,,,,"Innes, Hammond,",The doomed oasis
mdp.39015054057065,1965,1965,1912,,fic,,,,"Amado, Jorge,",The two deaths of Quincas Wateryell
mdp.39015063026804,1958,1958,1878,,bio,,,,"Marchioness Dowager of, Londonderry, Edith Helen",Frances Anne
mdp.39015011913632,1966,1966,1923,,fic,,,,"Biggle, Lloyd,",Watchers of the dark
mdp.39015046443464,1983,1983,1927,,bio,,,,"Edwards, Anne,",Road to Tara
uc1.b3727131,1966,1966,1931,,fic,,,,"Bongartz, Roy.",Twelve chases on West Ninety-ninth Street
uc1.b4450225,1968,1968,1933,,bio,,,,"Sidey, Hugh.",A very personal Presidency;
inu.39000000597562,1984,1984,1925,,bio,,,,"Jackman, S. W. (Sydney Wayne),",The people's princess
gri.ark+=13960=t6j12tp88,1970,1970,1912,,bio,,,,"Hill, Christopher,",God's Englishman;
uc1.b4381470,1952,1952,1909,,fic,,,,"Carson, Robert,",The magic lantern
mdp.39015003313684,1962,1962,1927,,bio,,,,"Grebstein, Sheldon Norman.",Sinclair Lewis
mdp.39015039331809,1970,1970,1917,,bio,,,,"Burgess, Anthony,",Shakespeare
mdp.39015015837787,1983,1983,1944,,bio,,,,"Pressly, William L.,",James Barry: the artist as hero
mdp.39015065840236,1962,1962,1902,,bio,,,,"Sir, Wheeler-Bennett, John Wheeler,","John Anderson, viscount Waverley"
uc1.$b104430,1966,1966,1902,,fic,,,,"Murphy, Robert William,","The phantom setter, and other stories"
mdp.39015030038924,1974,1974,1939,,fic,,,,"Wilding, Michael.",Living together
mdp.39076002198948,1950,1950,1875,,fic,,,,"Bailey, Carolyn Sherwin,",Enchanted village
uc1.b4401325,1992,1992,1957,,bio,,,,"Brizendine, Curtis Hansman.",Cloudy mountains
mdp.39015001212573,1950,1950,1915,,bio,,,,"Hernandez, Jose.",Rizal
uc1.$b87170,1955,1955,1906,,fic,,,,"Corle, Edwin,",Fig Tree John
mdp.39015014657020,1963,1963,1928,,fic,,,,"Stridsberg, Gusti F.",My five lives;
mdp.39015051420480,1975,1975,1940,,bio,,,,"Gray, Edwyn.",The Devil's device
uc1.b4505437,1982,1982,1939,,bio,,,,"Miller, Darlis A.,",The California Column in New Mexico
mdp.39015034285539,1993,1993,1958,,fic,,,,"Amaras��kara, R��p��.",Revolt to an era
uc1.$b396642,1969,1969,1934,,fic,,,,"Rayner, William.",The last days
mdp.39015057659545,1982,1982,1947,,fic,,,,"Canan, Janine.",Shapes of self
uc1.b3899948,1982,1982,1951,,bio,,,,"Miller, Char,","Fathers and sons, the Bingham family and the American mission"
mdp.39076000643713,1983,1983,1948,,fic,,,,"Stretton, Barbara.",The truth of the matter
osu.32435069348423,1959,1959,1924,,fic,,,,"Schorr, Louise.",Prestige
mdp.39015059434459,1964,1964,1929,,fic,,,,"Schleppy, Leon.",Exit wondering;
inu.30000114172418,1977,1977,1942,,fic,,,,"Farris, John.",All heads turn when the hunt goes by
uc1.32106011481857,1989,1989,1954,,fic,,,,Los Bros Hernandez,Duck feet
uc1.b3116800,1956,1956,1921,,fic,,,,"Kavinoky, Bernice.",Honey from a dark hive
mdp.39015028969007,1971,1971,1936,,fic,,,,"Jocano, F. Landa.",Myths and legends of the early Filipinos
mdp.39015036737735,1959,1959,1924,,fic,,,,"Goytisolo, Juan.",The young assassins
mdp.39015082068639,1958,1958,1882,,bio,,,,"Sir, Wrench, Evelyn,",Alfred Lord Milner
uc1.b3660566,1968,1968,1933,,bio,,,,"Thoumine, R. H.",Scientific soldier
mdp.39015002247545,1964,1964,1909,,bio,,,,"Berlin, Isaiah,",Mr. Churchill in 1940
mdp.39015005296093,1983,1983,1948,,bio,,,,"Paper, Lewis J.",Brandeis
mdp.39015024086087,1967,1967,1909,,fic,,,,"Friendlich, Dick,",Fullback from nowhere
mdp.39015003655308,1981,1981,1946,,fic,,,,"Oz, Amos.","Where the jackals howl, and other stories"
mdp.39015065837554,1957,1957,1902,,bio,,,,"Sir, Harkness, Douglas,","Bolingbroke, the man and his career"
uc1.b4531759,1984,1984,1937,,bio,,,,"Sheehan, Susan,",Kate Quinton's days
mdp.39015066410765,1959,1959,1924,,bio,,,,"Kearney, Hugh F.","Strafford in Ireland, 1633-41;"
uc1.b4236956,1983,1983,1948,,bio,,,,"Lindsey, Robert.",The flight of the Falcon
mdp.39015000563893,1979,1979,1909,,fic,,,,"Ehrlich, Max,",Reincarnation in Venice
mdp.39015006741139,1975,1975,1940,,bio,,,,"Vergo, Peter.",Art in Vienna 1898-1918
mdp.39015014552627,1983,1983,1948,,bio,,,,"Browne, Alfred.",Tony Benn
uc1.b3842096,1983,1983,1921,,fic,v.3,,,"C�osic�, Dobrica,","[This land, this time]"
mdp.39015008512439,1981,1981,1925,,bio,,,,"Jacobs, Dan N. (Dan Norman),","Borodin, Stalin's man in China"
uc1.$b102491,1952,1952,1912,,fic,,,,"Ham, Tom,",Give us this valley
uc1.b3964297,1982,1982,1947,,bio,,,,"Tarling, Nicholas.","The burthen, the risk, and the glory"
mdp.39015008459722,1982,1982,1947,,fic,,,,"Welch, Denton.",In youth is pleasure
mdp.39015000225246,1977,1977,1918,,bio,,,,"Bate, Walter Jackson,",Samuel Johnson
mdp.39015046869163,1975,1975,1940,,bio,,,,"Davis, Burke.",George Washington and the American Revolution
uc1.b4597359,1966,1966,1931,,bio,,,,"Morris, Richard Knowles.","John P. Holland, 1841-1914, inventor of the modern submarine"
uc1.$b755723,1965,1965,1930,,bio,,,,"Lynch, Kathleen Martha",Roger Boyle
uc1.b3727383,1977,1977,1948,,bio,,,,"Egremont, Max,",The cousins
inu.39000001130710,1984,1984,1949,,fic,,,,"Wheatley, Nadia.",The house that was Eureka
mdp.39076002198575,1957,1957,1908,,fic,,,,"Van Stockum, Hilda,",King Oberon's forest
uc1.$b751011,1953,1953,1918,,bio,,,,"Cowles, Virginia.",Winston Churchill;
mdp.39015001832776,1977,1977,1922,,fic,,,,"Robbe-Grillet, Alain,",Topology of a phantom city
mdp.39015014280021,1967,1967,1912,,bio,,,,"Acland, Alice,",The Rebel Countess;
mdp.39015005188019,1972,1972,1930,,bio,,,,"McNeal, Robert Hatch,",Bride of the revolution;
mdp.39015005721124,1955,1955,1920,,bio,,,,"Lewis, Lionel Smithett.",St. Joseph of Arimathea at Glastonbury;
uc1.b3767284,1960,1960,1932,,fic,,,,"Beti, Mongo,",King Lazarus : a novel
uc1.b3638697,1963,1963,1920,,bio,,,,"Coleman, D. C. (Donald Cuthbert),","Sir John Banks, baronet and businessman;"
mdp.39015074198451,1969,1969,1934,,bio,,,,"Cronon, Edmund David.",Black Moses
mdp.39015012969377,1962,1962,1927,,bio,,,,"Mirrlees, Hope.",A fly in amber
uc1.b3687673,1953,1953,1903,,fic,,,,"Edmonds, Walter Dumaux,",The Boyds of Black River
mdp.39015012886449,1962,1962,1927,,fic,,,,"Abse, Dannie.","Poems, Golders Green"
mdp.39015014854155,1957,1957,1897,,fic,,,,"Synge, J. L. (John Lighton),",Kandelman's Krim
mdp.39015031904512,1967,1967,1932,,bio,,,,"Marlowe, John.",Late Victorian
uc1.$b105838,1960,1960,1925,,fic,,,,"Ustinov, Peter.",The loser
uc1.$b312060,1952,1952,1907,,fic,,,,"Roy, Jules,",The happy valley;
inu.32000009830789,1960,1960,1925,,bio,,,,"Sommer, Dudley.",Haldane of Cloan
mdp.39015005326031,1979,1979,1944,,bio,,,,"Collinson, Patrick.","Archbishop Grindal, 1519-1583"
mdp.39015065202569,1952,1952,1891,,bio,,,,"Sir, Kelly, David Victor,",The ruling few;
mdp.39015007833356,1972,1972,1937,,bio,,,,"Grew, Eva.",Bach
mdp.39015016913439,1977,1977,1940,,bio,,,,"Bochner, Jay,",Blaise Cendrars
mdp.39015010378225,1959,1959,1881,,bio,,,,"Colum, Padraic,",Arthur Griffith
mdp.39015046408269,1957,1957,1922,,bio,,,,"Zaide, Gregorio F.",Jos̩ Rizal
mdp.39015030812484,1966,1966,1879,,bio,,,,"Taylor, E. G. R. (Eva Germaine Rimington),","The mathematical practitioners of Hanoverian England, 1714-1840"
uc1.b3462999,1952,1952,1917,,bio,,,,"Taylor, Robert Lewis.",Winston Churchill;
osu.32435074834144,1962,1962,1927,,fic,,,,"Cogswell, Theodore R.",The wall around the world
mdp.39015058346449,1984,1984,1949,,bio,,,,"Krauss, Bob.",Grove Farm Plantation
uc1.b4439307,1986,1986,1951,,fic,,,,"Duncan, Erika.",Those giants
uc1.b3849305,1955,1955,1900,,bio,,,,"Broad, C. Lewis (Charlie Lewis),",Sir Anthony Eden;
uc1.b4251402,1974,1974,1939,,bio,copy 2,,,"Wilcox, John T.",Truth and value in Nietzsche;
mdp.39015043638298,1999,1999,1964,,fic,,,,"Marwah-Roy, Anuradha.",Idol love
mdp.49015001236059,1974,1974,1885,,fic,,,,"Dinesen, Isak,",Anecdotes of destiny
mdp.39015008913819,1961,1961,1907,,bio,,,,"earl of, Birkenhead, Frederick Winston Furneaux Smith,",The Prof in two worlds;
mdp.39015059730773,1958,1958,1896,,fic,,,,"Lancaster, Bruce,",Night march
uc1.$b104271,1950,1950,1917,,fic,,,,"Frye, Pearl,","A game for empires (ambiguous: called a ""biographical novel"")"
mdp.39015001597643,1979,1979,1944,,bio,,,,"Keene, Donald.",Meeting with Japan
mdp.39015008799671,1966,1966,1931,,bio,,,,"Mackey, Herbert O.",Roger Casement;
mdp.39015001590952,1956,1956,1891,,bio,,,,"Mackenzie, Agnes Mure,","Robert Bruce, King of Scots"
mdp.39015002763681,1966,1966,1902,,fic,,,,"Morris, Edita,",The seeds of Hiroshima
uc1.$b367630,1972,1972,1937,,fic,,,,"Șzen, Suzan.",The forbidden love (loves of Turhan Sultan) 17th century of Ottoman Empire
mdp.39015015199824,1950,1950,1899,,bio,,,,"Garst, Shannon,",Crazy Horse
uc1.32106007305870,1979,1979,1912,,fic,,,,"Morante, Elsa,",History
mdp.39015033971378,1994,1994,1959,,bio,,,,,A glass of green tea-- with Honig
uc1.$b56354,1950,1950,1909,,fic,,,,"Castor, Henry,",The year of the Spaniard
uc1.32106007777169,1962,1962,1927,,fic,,,,"Joaquin, Nick.",Nick Joaquin's Selected stories
uc1.$b106384,1958,1958,1923,,fic,,,,"(Joe H.) Morgan, J. H.",Expense account
mdp.39015008874557,1982,1982,1947,,fic,,,,"Singh, Kit Puran.",Saraswattee
mdp.39015031593315,1962,1962,1928,,fic,,,,"Li, Chun,",Not that road
mdp.39015033065239,1994,1994,1959,,fic,,,,"Alvarez, Julia.",In the time of the butterflies
uc1.b4098793,1958,1958,1923,,fic,,,,"Kalnay, Francis.",Chu�caro
uc1.$b120204,1967,1967,1932,,fic,,,,"Rumaker, Michael,","Gringos, and other stories"
mdp.39015013165058,1953,1953,1910,,bio,,,,"Brome, Vincent,","Aneurin Bevan, a biography"
mdp.39015029513929,1970,1970,1935,,fic,,,,"Marlowe, Derek.",Echoes of Celandine
uc1.b4401382,1984,1984,1949,,bio,,,,"Lawson, Philip,","George Grenville, a political life"
uc1.32106014684952,1986,1986,1951,,fic,,,,"Fox, Paula",A servant's tale
uc1.32106005175614,1981,1981,1921,,fic,,,,"Bogarde, Dirk,",Voices in the garden
mdp.39015031904611,1959,1959,1909,,bio,,,,"Connell, John,",Auchinleck;
mdp.39015008463237,1983,1983,1948,,bio,,,,"Clements, Harry.",Alfred Russel Wallace
mdp.39015014597762,1989,1989,1954,,fic,,,,"Minot, Susan.",Lust & other stories
uc1.b3711256,1968,1968,1905,,fic,,,,"Levin, Meyer,",Gore and Igor;
uc2.ark+=13960=t5h99113n,1913,1913,1913,,fic,,,,"Allen, Frances Newton Symmes.",The invaders
uc1.$b404097,1968,1968,1934,,fic,,,,"Friedman, Roy,",The insurrection of Hippolytus Brandenberg
