docid,actualdate,earliestdate,firstpub,tags,recordid,OCLC,author,imprint,enumcron,title,pubrev,judge,impaud,yrrev,pubname,birthdate,gender,nationality,othername,notes,canon,decade
nnc1.0043351883,1820,1820,1820,reviewed,8400096.0,79367578.0,"Cornwall, Barry,",London;C. and J. Ollier;1820.,,A Sicilian story,rev,,,1820.0,ER,1787,m,uk,,,,1820
uc1.b274870,1829,1829,1829,reviewed,6518294.0,1536094.0,"Davidson, Lucretia Maria,",New York;G. & C. & H. Carvill;1829.,,"Amir Khan, and other poems",rev,pos,,1829.0,QR,1808,f,us,,,,1820
uc2.ark+=13960=t09w0f810,1825,1825,1825,random,7687139.0,,"Cursham, Mary Anne.",London;Longman;1825.,,Martin Luther,,,,,,,f,uk,,,,1820
hvd.32044020453569,1824,1824,1824,random,9726020.0,,"Pickering, Henry,",Salem;Cushing and Appleton;1824;(John D. Cushing),,Athens,,,,,,1781,m,us,,,,1820
mdp.39015025920235,1830,1830,1823,reviewed,209063.0,3688601.0,"Rogers, Samuel,",London;T. Cadell;1830.,,"Italy, a poem",rev,pos,,1828.0,QR,1763,m,uk,,,,1830
hvd.hnnzqj,1835,1835,1835,reviewed,8585960.0,9345963.0,"Alford, Henry,","Cambridge;Printed at the Pitt press, by John Smith for Longman and J. & J. J. Deighton;1835.",v.2,The school of the heart,rev,,,1835.0,ER,1810,m,uk,,,,1830
uc1.b4104953,1837,1837,1832,reviewed,6156109.0,11685732.0,"Bryant, William Cullen,",New York;Harper & Brothers;1839.,,Poems,rev,pos,,1842.0,GrM,1794,m,us,,,y,1830
uc2.ark+=13960=t52f7kv9h,1833,1833,1825,reviewed,7653914.0,16618270.0,"Brooks, Maria Gowen,",London;Kennett;1833.,,"Zóphiël; or, The bride of seven",rev,pos,,1840.0,QR,1794,f,us,,,,1830
njp.32101067631919,1837,1837,1837,random,7687238.0,,"Dearden, William,","London;Longman, Rees, Orme, Brown, Green, & Longman; [etc., etc.;MDCCCXXXVII [1837",,The star-seeker,,,,,,,m,uk,,,,1830
njp.32101064671389,1834,1834,1834,random,9408928.0,,"Trenhaile, J.","London;Longman, Rees, Orme, Brown, Green, & Longman;Devonport;W. Byers;1834.",,Recreations in rhyme,,,,,,1792,m,uk,,,,1830
nyp.33433076030117,1833,1833,1833,random,284595.0,,"Clark, Willis Gaylord,",Philadelphia;Key & Biddle;1833.,,The spirit of life;,,,,,,1808,m,us,,,,1830
nyp.33433076034895,1831,1831,1831,random,8656477.0,,"Hill, George,",Washington;Thompson and Homans;1831.,,The ruins of Athens,,,,,,1796,m,us,,,,1830
uc2.ark+=13960=t5p84dd5d,1845,1845,1845,reviewed,1423580.0,5469195.0,"Norton, Caroline Sheridan,",London;Chapman and Hall;1845.,,The Child of the Islands,rev,pos,,1845.0,ER,1808,f,uk,,,,1840
njp.32101068138765,1845,1845,1844,reviewed,,,"Browning, Elizabeth Barrett,",New-York;Henry G. Langley;1845.,,A drama of exile,rev,,,1857.0,WR,1806,f,uk,,,y,1840
nyp.33433074907142,1849,1849,1847,reviewed,8662846.0,12715851.0,"Howitt, Mary Botham,",New York;G. P. Putnam;1849.,,Ballads and other poems,rev,,,1851.0,WR,1799,f,uk,,,,1840
hvd.32044058247099,1842,1842,1842,reviewed,1024660.0,3773524.0,"Tennyson, Alfred Tennyson,",Boston;W.D. Ticknor;1842.,v.1,Poems in two volumes,rev,pos,,1842.0,GrM,1809,m,uk,,,y,1840
uc2.ark+=13960=t9959jh8d,1847,1847,1847,reviewed,1427031.0,2971128.0,"Taylor, Henry,",London;E. Moxon;1847.,,"The eve of the conquest, and other poems",rev,pos,,1849.0,ER,1800,m,uk,,,,1840
uc1.b182952,1840,1840,1838,reviewed,6652066.0,4308782.0,"Morris, Charles,",London;R. Bentley;1840.,v.1,Lyra urbanica;,rev,,,1841.0,BM,1745,m,uk,,,,1840
loc.ark+=13960=t5q81t975,1841,1841,1841,reviewed,8656025.0,6267575.0,"Earle, Pliny",Philadelphia;H. Perkins;1841.,,Marathon,rev,pos,,1841.0,GrM,1809,m,us,,,,1840
loc.ark+=13960=t8w95sb6z,1843,1843,1843,reviewed,8655780.0,6505215.0,"Tyler, Robert,",New-York;Harper & brothers;1843.,,Death,rev,neg,,1843.0,GrM,1816,m,us,,,,1840
uc2.ark+=13960=t2z31pm6p,1841,1841,1841,reviewed,7672830.0,7822524.0,"Sigourney, L. H.",London;R. Tyas;1841.,,"Pocahontas, and other poems",rev,,,1842.0,GrM,1791,f,us,,,,1840
loc.ark+=13960=t0sq9fz3z,1843,1843,1843,reviewed,9579656.0,,"Percival, James Gates,",New Haven;S. Babcock;1843.,,Dream of a day,rev,,,1844.0,GrM,1795,m,us,,,,1840
mdp.39015063931565,1845,1845,1845,reviewed,449622.0,1387623.0,"Hirst, Henry Beck,",Boston;Phillips & Sampson;1845.,,The coming of the mammoth,rev,,,1845.0,GrM,1813,m,us,,, ,1840
loc.ark+=13960=t1qf9763h,1842,1842,1842,reviewed,9577674.0,,"Longfellow, Henry Wadsworth,",Cambridge;J. Owen;1842.,,Ballads and other poems,rev,pos,,1842.0,GrM,1807,m,us,,,,1840
uc2.ark+=13960=t17m08m38,1840,1840,1840,random,7688562.0,,"Hanmer, John Hanmer,",London;Edward Moxon;1840.,,Sonnets,,,,,,1809,m,uk,,,,1840
uc2.ark+=13960=t8tb13h9k,1845,1845,1845,random,7689881.0,,"Leckie, Horner, Mrs",Edinburgh;1845?,,[Mrs. Leckie's poems,,,,,,1779,f,uk,,,,1840
hvd.hwh1bt,1841,1841,1841,random,9730588.0,,"Fitchett, John,",London;W. Pickering;1841-42.,v.2,King Alfred,,,,,,1776,m,uk,,,,1840
uc2.ark+=13960=t1bk19943,1840,1840,1840,random,6509556.0,,"Landreth, Peter.","London;Simpkin, Marshall;1840.",,The poet: The infidel,,,,,,,m,uk,,,,1840
njp.32101067706885,1845,1845,1845,random,8964865.0,,"Bingham, Frances Lydia.",London;Simpkin;1845.,,"Hubert; or, The orphans of St. Madelaine",,,,,,1825,f,uk,,,,1840
njp.32101066458066,1847,1847,1845,random,8928075.0,,"Cooper, Thomas,",London;J. Watson;1847.,,The purgatory of suicides,,,,,,1805,m,uk,,,,1840
nyp.33433075971196,1849,1849,1846,random,8656279.0,,"Osgood, Frances Sargent Locke,","New York;Riker, Thorne;1849.",,Poems,,,,,,1811,f,us,,,,1840
loc.ark+=13960=t5cc1sf60,1840,1840,1840,random,9569466.0,,"Page, Theophilus. [from old catalog]",New York;Printed for the author;1840.,,Heavenly musing;,,,,,,,m,us,,,,1840
hvd.hx5ei3,1842,1842,1842,random,9734499.0,,"Foster, Nathan Lanesford,",Philadelphia.;G. W. Gorton;1842.,,The last of his family;,,,,,,1787,m,us,,,,1840
hvd.hwjueh,1841,1841,1839,random,9730581.0,,"Emmons, Richard,",Boston;1841.,,The battle of Bunker Hill,,,,,,1788,m,us,,,,1840
loc.ark+=13960=t4hm64973,1846,1846,1846,random,11207842.0,,"Plumer, Wm.",Bost.;1846.,,Lyrica sacra,,,,,,,m,us,,,,1840
inu.30000108907506,1847,1847,1847,random,10561464.0,,"Tappan, William B.","Boston;Published by Benjamin B. Mussey;London;Chapman, brothers;1847.",,Sacred and miscellaneous poems,,,,,,1794,m,us,,,,1840
uc1.b167500,1855,1855,1855,reviewed,6642455.0,1988592.0,"Bailey, Philip James,",London;Chapman and Hall;1855.,,The mystic and other poems,rev,,,1856.0,ER,1816,m,uk,,,,1850
njp.32101067628436,1856,1856,1856,reviewed,8961146.0,2812874.0,"Aytoun, William Edmondstoune,",Edinburgh;W. Blackwood;1856.,,Bothwell,rev, ,,1851.0,WR,1813,m,uk,,,,1850
uc1.b182439,1856,1856,1856,reviewed,950209.0,11405839.0,"Dobell, Sydney,","London;Smith, Elder;1856.",,England in time of war,rev,neg,,1856.0,ER,1824,m,uk,,,,1850
uc2.ark+=13960=t2s46hv0j,1850,1850,1850,reviewed,1776042.0,423344.0,"Whittier, John Greenleaf,","Boston;Ticknor, Reed, and Fields;1850.",,Songs of labor,rev,pos,,1850.0,GrM,1807,m,us,,,y,1850
uc1.b158313,1852,1852,1852,reviewed,6636088.0,5046801.0,"Boker, George H.",Philadelphia;A. Hart;1852.,,The Podesta's Daughter,rev,pos,,1852.0,GrM,1823,m,us,,,,1850
loc.ark+=13960=t5p84vh35,1856,1856,1855,reviewed,9585316.0,,"Longfellow, Henry Wadsworth,",Boston;Ticknor and Fields;1856.,,The song of Hiawatha,rev,,,1856.0,GrM,1807,m,us,,,y,1850
mdp.39015060438739,1856,1856,1856,random,437987.0,,"Hiller, O. Prescott",London;1856.,,The pleasures of religion and other poems,,,,,,1814,m,uk,,,,1850
nyp.33433074849005,1859,1859,1859,random,7687353.0,,"Farrar, F. W.",Cambridge;Macmillan;1859.,,Lyrics of life,,,,,,1831,m,uk,,,,1850
uc2.ark+=13960=t8x927004,1859,1859,1859,random,7685611.0,,"Beer, John T.",Leeds;Briggate;1859.,,Miscellaneous poems,,,,,,,m,uk,,,,1850
loc.ark+=13960=t1fj32s97,1859,1859,1859,random,9589787.0,,"Carhart, John Wesley,",New-York;Pudney & Russell printers;1859.,,Sunny hours,,,,,,1834,m,us,,,,1850
nyp.33433074800222,1858,1858,1858,random,8657023.0,,"Willie,","Philadelphia;W.S. Young, printer;1858.",,College poems,,,,,,,m,us,,,,1850
uc2.ark+=13960=t2h70bw5m,1851,1851,1851,random,1187558.0,,"Tuckerman, Henry T.","Boston;Ticknor, Reed, and Fields;1851.",,Poems,,,,,,1813,m,us,,,,1850
njp.32101067004570,1862,1862,1862,reviewed,8955882.0,2602074.0,"Wingate, David,",Edinburgh;W. Blackwood;1862.,,Poems and songs,rev,pos,,1862.0,BM,1828,m,uk,,,,1860
uc2.ark+=13960=t16m34j1k,1863,1863,1854,reviewed,7691475.0,5453617.0,"Patmore, Coventry Kersey Dighton,",London;Macmillan & co.;1863.,v.2,The angel in the house,rev,pos,,1858.0,ER,1823,m,uk,,,,1860
uc1.b274909,1867,1867,1861,reviewed,6518328.0,4186986.0,"Greenwell, Dora,",London;Alexander Strahan;1867.,,Poems,rev,,,1861.0,WR,1821,f,uk,,,,1860
dul1.ark+=13960=t75t4h116,1867,1867,1867,reviewed,7506105.0,2657446.0,"Arnold, Matthew,",London;Macmillan and Co.;1867.,,New poems,rev,pos,,1867.0,FR,1822,m,uk,,,y,1860
uc2.ark+=13960=t9v12890g,1862,1862,1857,reviewed,7700846.0,790654.0,"Locker-Lampson, Frederick,",London;B. M. Pickering;1862.,,London lyrics,rev,,,1870.0,ATL,1821,m,uk,,,,1860
uc1.b3556169,1862,1862,1861,reviewed,1423587.0,13221080.0,"Norton, Caroline Sheridan,",Cambridge;London;Macmillan & co.;1862.,,The lady of La Garave,rev,pos,,1862.0,WR,1808,f,uk,,,,1860
uc2.ark+=13960=t6639r26n,1861,1861,1861,reviewed,7687235.0,2495938.0,"De Vere, Aubrey,","London;Longman, Green, Longman and Roberts;1861.",,The sisters,rev,pos,elite,1862.0,ATL,1814,m,uk,,,,1860
njp.32101041423706,1861,1861,1861,reviewed,8889876.0,16810766.0,"Atherstone, Edwin,","London;Longman, Green, Longman, and Roberts;1861.",,Israel in Egypt,rev,,,1862.0,WR,1788,m,uk,,,,1860
loc.ark+=13960=t3qv42x82,1860,1860,1860,reviewed,123714.0,3960344.0,"Dobell, Sydney,",Boston;Ticknor and Fields;1860.,,Poems,rev,,,1860.0,ATL,1824,m,uk,,,,1860
uc2.ark+=13960=t3fx7436h,1861,1861,1849,reviewed,6678434.0,3149781.0,"Tennyson, Alfred Tennyson,",Boston;Ticknor and Fields;1861.,,In memoriam,rev,pos,pop,1855.0,ER,1809,m,uk,,,y,1860
uc2.ark+=13960=t1xd0s923,1863,1863,1854,reviewed,7691475.0,5453617.0,"Patmore, Coventry Kersey Dighton,",London;Macmillan & co.;1863.,v.1,The angel in the house,rev,pos,,1858.0,ER,1823,m,uk,,,,1860
uc2.ark+=13960=t4nk3bw6g,1869,1869,1869,reviewed,7690643.0,13342940.0,"Michell, Nicholas,",London;Chapman;1869.,,Sibyl of Cornwall,rev,,,1869.0,ATL,1807,m,uk,,,,1860
uc2.ark+=13960=t4vh5j76c,1866,1866,1866,reviewed,6611551.0,3917309.0,"Plumptre, E. H.",London;New York;A. Strahan;1866.,,"Master and scholar, etc., etc",rev,,,1866.0,WR,1821,m,uk,,,,1860
uc2.ark+=13960=t06w9c11h,1869,1869,1869,reviewed,1019969.0,2717531.0,"Garnett, Richard,",London;Macmillan and co.;1869.,,Idylls and epigrams,rev,pos,,1869.0,FR,1835,m,uk,,,,1860
uc2.ark+=13960=t9959d062,1869,1869,1869,reviewed,7666094.0,1953983.0,"Lowell, James Russell,",London;Macmillan and Co.;1869.,,Under the willows,rev,pos,,1869.0,FR,1819,m,us,,,y,1860
uc2.ark+=13960=t76t0hr98,1869,1869,1869,reviewed,8657053.0,1871564.0,"Stedman, Edmund Clarence,","Boston;Fields, Osgood, & co.;1869.",,The blameless prince,rev,,,1869.0,ATL,1833,m,us,,,,1860
loc.ark+=13960=t6349841r,1864,1864,1864,reviewed,9576760.0,30440917.0,"Tuckerman, Frederick Goddard,",Boston;Ticknor and Fields;1864.,,Poems,rev,,elite,1864.0,ATL,1821,m,us,,,,1860
loc.ark+=13960=t0tq6gq3d,1868,1868,1868,reviewed,8889221.0,3009632.0,"Larcom, Lucy,","Boston, Mass.;Fields, Osgood & Co.;1869, c1868.",,Poems,rev,,,1868.0,ATL,1824,f,us,,,,1860
uc2.ark+=13960=t58d04x2h,1863,1863,1863,reviewed,1421455.0,2869829.0,"Aldrich, Thomas Bailey,","New York;Carleton; [etc., etc.;1863.",,Poems,rev,,,1867.0,FR,1836,m,us,,,,1860
uc2.ark+=13960=t2k64b16p,1866,1866,1866,reviewed,7645903.0,3079144.0,"Janvier, Francis De Haes,",Philadelphia;J. B. Lippincott & Co.;1866.,,Patriotic poems,rev,,,1866.0,ATL,1817,m,us,,,,1860
njp.32101067646750,1864,1864,1864,reviewed,8962019.0,8625949.0,"Hooper, Lucy Hamilton,",Philadelphia;Leypoldt;1864.,,Poems;,rev,,,1871.0,ATL,1835,f,us,,,,1860
nyp.33433076040298,1869,1869,1869,reviewed,8655517.0,1007050.0,"Abbey, Henry,",New York;A. D. F. Randolph & Co.;1869.,,Stories in verse,rev,,,1869.0,ATL,1842,m,us,,,,1860
uc2.ark+=13960=t3dz0f69d,1860,1860,1860,reviewed,5261368.0,2946939.0,"Whittier, John Greenleaf,",Boston;Ticknor and Fields;1860.,,Home ballads and poems,rev,pos,,1860.0,ATL,1807,m,us,,,y,1860
mdp.39015063880127,1860,1860,1859,reviewed,434297.0,2928822.0,"Hayne, Paul Hamilton,",Boston;Ticknor & Fields;1860.,,Avolio;,rev,,,1860.0,ATL,1830,m,us,,,,1860
nyp.33433075741730,1867,1867,1867,reviewed,8658041.0,2795560.0,"Taylor, Bayard,",Boston;Ticknor and Fields;1867.,,The picture of St. John,rev,,,1867.0,FR,1825,m,us,,,,1860
uc1.b274679,1860,1860,1860,reviewed,6518140.0,1626082.0,"Lowell, Robert,",Boston;Ticknor and Fields;1860.,,Fresh hearts that failed three thousand years ago,rev,,,1860.0,ATL,1816,m,us,,,,1860
uc2.ark+=13960=t3kw57x2q,1860,1860,1860,reviewed,1027102.0,237644.0,"Bryant, William Cullen,",New York;W.A. Townsend;c1860,,A forest hymn,rev,pos,,1860.0,ATL,1794,m,us,,,y,1860
njp.32101068170776,1865,1865,1865,reviewed,8968576.0,15137351.0,"Howe, Julia Ward,","Boston;Lee and Shepard, publishers ...;1887, c1865.",,Later lyrics,pub,,,1862.0,ATL,1819,f,us,,,,1860
uc1.b166356,1866,1866,1866,random,6641760.0,,"Leighton, Robert,",Liverpool;E. Howell;1866.,,Poems,,,,,,1822,m,uk,,,,1860
njp.32101068972841,1863,1863,1863,random,8975917.0,,"Law, Isabella.","London;Smith, Elder;1863.",,Winter weavings,,,,,,,f,uk,,,,1860
uc2.ark+=13960=t35140902,1863,1863,1863,random,7693334.0,,"Vaughan, Thomas,",Hereford;Printed by E. Weymss;1863.,,"Morah; or, The Indian wife;",,,,,,,m,uk,,,,1860
njp.32101066457365,1860,1860,1860,random,8928028.0,,"Collins, Mortimer,","London;Saunders, Otley;1860.",,Summer songs,,,,,,1827,m,uk,,,,1860
nyp.33433074931332,1864,1864,1864,random,8663537.0,,"Taylor, Henry,",London;Chapman and Hall;1864.,v. 3,The poetical works,,,,,,1800,m,uk,,,,1860
uc2.ark+=13960=t1xd0tj53,1863,1863,1863,random,6511775.0,,"Shipley, Orby,","London;Longman, Green, Longman, Roberts, and Green;1863.",,Lyra eucharistica,,,,,,1832,m,uk,,,,1860
uc2.ark+=13960=t0vq2xh3w,1869,1869,1869,random,7691777.0,,"Ranking, Boyd Montgomerie Maurice,",London;Hotten;1869.,,Poems,,,,,,1841,m,uk,,,,1860
uc1.$b389270,1864,1864,1864,random,7693607.0,,"Warren, John Byrne Leicester,",London;Macmillan;1864.,,"Eclogues and monodramas; or, A collection of verses",,,,,,1835,m,uk,,,,1860
uc2.ark+=13960=t40r9pj9p,1867,1867,1867,random,,,"Sawers, Eliza.",Edinburgh;J. Maclaren;1867.,,Under a cloud,,,,,,,f,uk,,,,1860
mdp.39015063980414,1866,1866,1866,random,5238528.0,,"Henry, James,",Dresden;Printed by C.C. Meinhold & Sons;1866.,,Poematia,,,,,,1798,m,uk,,,,1860
njp.32101067300184,1862,1862,1862,random,8957309.0,,"Park, Andrew,",Glasgow;T. Murray;1862.,,The world,,,,,,1807,m,uk,,,,1860
uc2.ark+=13960=t0tq5tm1v,1862,1862,1862,random,6641729.0,,"Kinloch, William Penney,",Edinburgh;Edmonston and Douglas;1862.,,Time's treasure;,,,,,,1801,m,uk,,,,1860
uc2.ark+=13960=t9f47r02d,1868,1868,1868,random,7687303.0,,"Earle, John Charles,","London;Burns, Oates;1868.",,Maximilian,,,,,,1850,m,uk,,,,1860
njp.32101051388039,1862,1862,1862,random,8899308.0,,"Fotherby, Marie J. E.","London;A. Hall, Virtue & Co.;1862.",,Poems,,,,,,1831,f,uk,,,,1860
dul1.ark+=13960=t84j19z0d,1861,1861,1861,random,10943014.0,,"Mangum, A. W.",Raleigh? N.C.;s.n.;between 1861 and 1865].,,The holy shield,,,,,,1834,m,us,,,,1860
mdp.39015014601184,1867,1867,1862,random,1372970.0,,"Heywood, J. C.",New York;Hurd and Houghton;1867.,,Herodias,,,,,,,m,us,,,,1860
mdp.39015065423868,1860,1860,1860,random,5263845.0,,"Newman, John B.",New York;Rudd & Carleton;1860.,,Wa-Wa-Wanda,,,,,,,m,us,,,,1860
loc.ark+=13960=t20c5r23g,1868,1868,1868,random,9560933.0,,"Palmer, James Croxall,",New York;D. Van Nostrand;1868.,,Antarctic mariner's song,,,,,,1811,m,us,,,,1860
loc.ark+=13960=t7qn6kz4k,1866,1866,1866,random,9595246.0,,"Crider, Henry M.,","York, Pa.;Kephart & Crider;1866.",,Pedagogics,,,,,,1839,m,us,,,,1860
loc.ark+=13960=t19k4z26m,1860,1860,1860,random,9575312.0,,"Willis, Nathaniel Parker,","New York;Clark, Austin & Smith;1860.",,"The poems, sacred, passionate, and humorous, of Nathaniel Parker WIllis",,,,,,1806,m,us,,Well-known,,1860
nyp.33433075809081,1867,1867,1867,random,7665283.0,,"MacEuen, Malcolm.",Philadelphia;Mason & Co.;1867.,,A mosaic from Italy,,,,,,1833,m,us,,birthdate estimated,,1860
loc.ark+=13960=t6zw1zm9g,1867,1867,1867,random,9605328.0,,"Cox, Sandford C.",Cincinnati;The author;1867.,,"The evangelist, and other poems",,,,,,1811,m,us,,,,1860
loc.ark+=13960=t5w671s6k,1861,1861,1861,random,6518348.0,,"Jones, Amanda Theodocia,",Buffalo;H. H. Otis [etc.;1861.,,"Ulah, and other poems",,,,,,1835,f,us,,,,1860
njp.32101032484253,1865,1865,1865,random,8888156.0,,"Birdseye, George W.,","New York;J. Dickson, Book and Job Printer;1865.",,Woman and the war,,,,,,1844,m,us,,,,1860
loc.ark+=13960=t7sn0q200,1860,1860,1860,random,9566453.0,,"Chapman, George Walton,",New York;Rudd & Carleton;1860.,,A tribute to Kane,,,,,,1812,m,us,,,,1860
loc.ark+=13960=t9184308z,1866,1866,1866,random,7688670.0,,"Hodson, Joseph.","Westerville, Ohio;W. G. Foster, Printer;1866.",,Miscellaneous poems,,,,,,,m,us,,,,1860
loc.ark+=13960=t7jq1gj08,1862,1862,1862,random,9559402.0,,"Hewes, George Whitfield.",New York;Carleton;1862.,,Ballads of the war,,,,,,1835,m,us,,estimated birth,,1860
uc2.ark+=13960=t7gq6s57q,1869,1869,1869,random,9261121.0,,"Krause, William E. F.",San Francisco;J. Winterburn & Co.;1869.,,The sanctity of marriage,,,,,,,m,us,,,,1860
uc1.32106001957635,1872,1872,1872,reviewed,7119642.0,3023728.0,"Tennyson, Alfred Tennyson,",Boston;J. R. Osgood and company;1872.,,Gareth and Lynette,rev,,,1872.0,FR,1809,m,uk,,,y,1870
uc2.ark+=13960=t1kh0gm2b,1870,1870,1870,reviewed,6155976.0,1683664.0,"Myers, F. W. H.",London;Macmillan;1870.,,Poems,rev,,pop,1870.0,BM,1843,m,uk,,,,1870
uc1.b3315153,1875,1875,1875,reviewed,6130725.0,4141256.0,"Scott, William Bell,","London;Longmans, Green;1875.",,Poems,pub,,,1868.0,FR,1811,m,uk,,,,1870
uc2.ark+=13960=t7gq6x66b,1875,1875,1875,reviewed,,,"Swinburne, Algernon Charles,",London;Chatto and Windus ...;1875.,,Songs of two nations,,,,1873.0,FR,1837,m,uk,,,y,1870
uva.x000169685,1874,1874,1874,reviewed,9789400.0,3200115.0,"Rankine, William John Macquorn,",Glasgow;James Maclehose;1874.,,Songs and fables,pub,,,1862.0,BM,1820,m,uk,,published in Blackwoods,,1870
uc2.ark+=13960=t7pn9f10q,1874,1874,1874,reviewed,6130501.0,11400948.0,"Lytton, Edward Robert Bulwer Lytton,",Edinburgh;London;William Blackwood and Sons;1874.,v.1,Fables in song,rev,,,1874.0,FR,1803,m,uk,,,,1870
uc1.b3579414,1873,1873,1873,reviewed,7861380.0,7313863.0,"Morris, William,",London;Ellis & White;1873.,,"Love is enough, or The freeing of Pharamond",rev,pos,,1873.0,FR,1834,m,uk,,,y,1870
uc2.ark+=13960=t0tq5ww75,1874,1874,1874,reviewed,6130501.0,11400948.0,"Lytton, Edward Robert Bulwer Lytton,",Edinburgh;London;William Blackwood and Sons;1874.,v.2,Fables in song,rev,,,1874.0,FR,1803,m,uk,,,,1870
uc2.ark+=13960=t48p67m2g,1878,1878,1877,reviewed,1024247.0,2156914.0,"Patmore, Coventry Kersey Dighton,",London;G. Bell;1878.,,The unknown Eros,rev,pos,,1897.0,FR,1823,m,uk,,,,1870
uva.x030800890,1871,1871,1843,reviewed,9793454.0,8407963.0,"Moir, D. M.",Edinburgh;W. Blackwood and sons;1871.,,Domestic verses,pub,,,1843.0,BM,1798,m,uk,,,,1870
uc1.b182449,1877,1877,1877,reviewed,1023623.0,4023098.0,"Dobson, Austin,",London;H. S. King;1877.,,"Proverbs in porcelain, and other verses",rev,,,1877.0,COR,1840,m,uk,,,,1870
uc2.ark+=13960=t42r42k8x,1872,1872,1872,reviewed,6518191.0,5899081.0,"Smith, Walter C.",Boston;J.R. Osgood and company;1872.,,Olrig Grange,rev,,,1872.0,FR,1824,m,uk,,,,1870
uc2.ark+=13960=t0dv1jg7s,1871,1871,1871,reviewed,7690943.0,4872294.0,"Morris, Lewis,",London;H. S. King;1871.,,Songs of two worlds,rev,,,1872.0,FR,1833,m,uk,,,,1870
uc2.ark+=13960=t4pk0c98d,1872,1872,1872,reviewed,7687477.0,4817530.0,"Domett, Alfred,","London;Smith, Elder & Co.;1872.",,Ranolf and Amohia,rev,,,1872.0,FR,1811,m,uk,,,,1870
uc2.ark+=13960=t02z17v0j,1872,1872,1872,reviewed,242299.0,2862442.0,"Noel, Roden,",London;Strahan & co.;1872.,,The red flag,rev,neg,,1873.0,FR,1834,m,uk,,,,1870
loc.ark+=13960=t0qr59x0m,1871,1871,1871,reviewed,9560197.0,11851279.0,"Fuller, Edwin W.",New York;E.J. Hale & Son;1871.,,The angel in the cloud,rev,,,1872.0,ATL,1847,m,us,,obscure,,1870
mdp.39015013157980,1878,1878,1871,reviewed,321003.0,10334702.0,"[Piatt, Sarah M. B.",Boston;J. R. Osgood and company;1878.,,A woman's poems,rev,pos,,1871.0,ATL,1836,f,us,,,,1870
nyp.33433076026503,1875,1875,1875,reviewed,8689573.0,2544849.0,"Cranch, Christopher Pearse,",Boston;James R. Osgood and Company;1875.,,The bird and the bell,rev,,,1875.0,ATL,1813,m,us,,,,1870
loc.ark+=13960=t1kh1gk7p,1871,1871,1871,reviewed,1693798.0,2098558.0,"Channing, William Ellery,",Boston;J. R. Osgood and company;1871.,,The wanderer,rev,neg,,1872.0,ATL,1817,m,us,,,,1870
loc.ark+=13960=t95720v25,1872,1872,1872,reviewed,9571531.0,,"Thaxter, Celia,",New York;Hurd and Houghton;Cambridge [Mass.;Riverside Press;1872.,,Poems,rev,pos,,1872.0,ATL,1835,f,us,,,,1870
uc2.ark+=13960=t9p26qv5r,1872,1872,1872,reviewed,7657105.0,6245604.0,"Dorr, Julia C. R.",Philadelphia;J. B. Lippincott & Co.;1872.,,Poems,rev,,,1872.0,ATL,1825,f,us,,,,1870
uc1.b182525,1872,1872,1872,reviewed,6651814.0,7237910.0,"Hayne, Paul Hamilton,",Philadelphia;J.B. Lippincott;1872.,,Legends and lyrics,rev,,,1872.0,ATL,1830,m,us,,,,1870
uc1.b274713,1875,1875,1874,reviewed,6518166.0,3801953.0,"Perry, Nora,",Boston;J. R. Osgood;1875.,,After the ball,rev,pos,,1874.0,ATL,1831,f,us,,,,1870
loc.ark+=13960=t00z7s04j,1878,1878,1878,reviewed,9605205.0,,"McKnight, George,",New York;H. Holt and company;1878.,,"Life and faith, sonnets",rev,pos,,1879.0,ATL,1840,m,us,,,,1870
loc.ark+=13960=t9w09kt0j,1878,1878,1878,reviewed,8656166.0,3171635.0,"Gilder, Richard Watson,",New York;C. Scribner's sons;1878.,,The poet and his master,rev,neg,,1879.0,ATL,1844,m,us,,,,1870
nyp.33433066636204,1871,1871,1871,reviewed,8656582.0,3308640.0,"Miller, Joaquin,","London;Longmans, Green, Reader, and Dyer;1871.",,Songs of the Sierras,rev,,,1871.0,BM,1837,m,us,,,,1870
uc2.ark+=13960=t07w68f3s,1875,1875,1875,reviewed,323743.0,15225552.0,"Lathrop, George Parsons,",Boston;J. R. Osgood and company;1875.,,Rose and roof-tree,rev,,,1875.0,ATL,1851,m,us,,,,1870
uc2.ark+=13960=t06w96n8w,1871,1871,1871,reviewed,1424843.0,3644614.0,"Winter, William,",Boston;J. R. Osgood and company;1871.,,My witness,rev,pos,,1871.0,ATL,1836,m,us,,,,1870
uc1.b798791,1879,1879,1879,reviewed,6103025.0,3110682.0,"Ryan, Abram Joseph,",Mobile;J. L. Rapier & co.;1879,,Father Ryan's poems,rev,,,1880.0,ATL,1838,m,us,,,,1870
loc.ark+=13960=t6tx46241,1872,1872,1872,reviewed,11209752.0,5877288.0,"Turner, Eliza (Sproat)",Boston;J. R. Osgood & Comp.;1872.,,Out-of-door rhymes,rev,,,1872.0,ATL,1826,f,us,,,,1870
mdp.39015028372848,1879,1879,1853,random,1725528.0,,Kālidāsa.,London;Trübner & co.;1879.,,The birth of the war-god,,,,,,1826,m,uk,"Trans Griffith, Ralph",Trans of Indian epic; birth date is translator,,1870
uc2.ark+=13960=t7br8q34d,1872,1872,1872,random,6611152.0,,"Forsyth, William,",Edinburgh;William Blackwood;1872.,,Idylls and lyrics,,,,,,1818,m,uk,,,,1870
uc2.ark+=13960=t1bk1c13v,1875,1875,1875,random,7691866.0,,"Rhoades, James,",London;H.S. King;1875.,,Timoleon;,,,,,,1841,m,uk,,,,1870
nnc1.1002356570,1871,1871,1871,random,,,,London;1871.,,"Verses for the people, suitable to the times, by an Englishman",,,,,,,,uk,,,,1870
nyp.33433074866819,1871,1871,1869,random,8662583.0,,"Bickersteth, Edward Henry,",New York;Robert Carter;1871.,,"Yesterday, to-day, and for ever",,,,,,1825,m,uk,,,,1870
uc1.b255800,1877,1877,1877,random,,,"Budge, Jane,",London;S. Harris;1877.,,Poems.,,,,,,,f,uk,,,,1870
uc2.ark+=13960=t6057k92v,1871,1871,1871,random,7689741.0,,"Kingsley, Henry,",London;New York;Macmillan;1871.,,The lost child,,,,,,1830,m,uk,,anthology,,1870
uc2.ark+=13960=t8x926w5s,1872,1872,1872,random,7692297.0,,"Sawyer, William Kingston,","London;Longmans, Green, Reader, and Dyer;1872.",,The legend of Phyllis,,,,,,1828,m,uk,,,,1870
uc1.b119720,1875,1875,1875,random,,,"Veitch, John,",,,"The Tweed, and Other Poems",,,,,,1829,m,uk,,,,1870
mdp.39015065460522,1875,1875,1875,random,5265257.0,,"Moffat, James C.",New York;Anson D.F. Randolph & Company ...;c1875.,,Alwyn,,,,,,1811,m,uk,,,,1870
njp.32101067707651,1874,1874,1874,random,8964911.0,,"Beck, Edward Anthony,",Brighton?;Curtis;1874?,,The Holy sepulchre,,,,,,1848,m,uk,,,,1870
uc2.ark+=13960=t14m95k32,1875,1875,1875,random,7693552.0,,"Waller, Bryan Charles.",London;George Bell and Sons;1875.,,The twilight land,,,,,,1853,m,uk,,,,1870
uc2.ark+=13960=t75t3n448,1873,1873,1873,random,7692898.0,,"Stewart, William John.",London;Whittaker;1873.,,Scattered leaflets,,,,,,1849,m,uk,,,,1870
uc1.b119185,1875,1875,1875,random,,,"Anderson, Alexander",,,The Two Angels,,,,,,1845,m,uk,,,,1870
njp.32101067632925,1873,1873,1873,random,8961379.0,,"Dobson, Austin,",London;H.S. King & Co. ...;1873.,,Vignettes in rhyme and vers de société (now first collected),,,,,,1840,m,uk,,,,1870
uc1.$b803433,1873,1873,1873,random,9951038.0,,"Ricketson, Daniel,",New Bedord [Mass.;E. Anthony;1873.,,The factory-bell,,,,,,1813,m,us,,,,1870
uc1.b253348,1878,1878,1878,random,6504377.0,,"Cowan, Frank,","Greensburg, Pa.;Printed by the Author;1878.",,Southwestern Pennsylvania in song and story,,,,,,1844,m,us,,,,1870
wu.89098011836,1878,1878,1878,random,5946347.0,,"Bell, Lura,","Augusta, Me.;s.n.;1878.",,Echoes of time and tide,,,,,,1859,f,us,,,,1870
loc.ark+=13960=t80k2xx3b,1870,1870,1870,random,,,"Henck, George Lewis. [from old catalog]","Baltimore;J. W. Woods, printer;1870.",,Poems,,,,,,,m,us,,,,1870
njp.32101066457894,1871,1871,1871,random,8928064.0,,"Cooke, Belle W.","Salem, Or.;E. M. Waite, printer;1871.",,Tears and victory,,,,,,1834,f,us,,,,1870
nyp.33433066626338,1870,1870,1870,random,8656979.0,,"Nash, Gilbert,",Boston;Nichols and Noyes;1870.,,Bay leaves,,,,,,1825,m,us,,,,1870
loc.ark+=13960=t3rv14c6x,1878,1878,1878,random,9573071.0,,"Murphy, John Albert,",Chicago;M. Warren;1878.,,Cosmostoria,,,,,,1837,m,us,,,,1870
uc2.ark+=13960=t7kp7vd46,1878,1878,1878,random,7654035.0,,"Brunton, William,","Boston;s.n.;1879, c1878.",,Daisies,,,,,,1850,m,us,,,,1870
uc2.ark+=13960=t6vx06j62,1873,1873,1873,random,1424049.0,,"Saltus, Francis Saltus,",Philadelphia;J. B. Lippincott & co.;1873.,,Honey and gall,,,,,,1849,m,us,,,,1870
loc.ark+=13960=t0wq0dz13,1872,1872,1872,random,9609113.0,,"Armstrong, J. A.","Brooklyn;E. Darbee, Printer;1872.",,Harvest,,,,,,,m,us,,,,1870
mdp.39015071556941,1877,1877,1877,random,3149243.0,,"King, Delia Chase","Ypsilanti, Mich.;Commercial Steam Printing House;1877.",,The tidal wave,,,,,,,f,us,,,,1870
loc.ark+=13960=t3cz3pj65,1873,1873,1873,random,9573845.0,,"Case, Leonard,",Boston;J.R. Osgood and company;1873.,,Treasure trove;,,,,,,1820,m,us,,,,1870
umn.31951d008327233,1874,1874,1874,random,8373661.0,,"Hall, C. A.","Philadelphia;J. A. Wagenseller, printer;1874.",,"Songs for the Grange, dedicated to the Order of Patrons of Husbandry in the United States",,,,,,1838,m,us,,,,1870
nyp.33433074963582,1871,1871,1871,random,,,"Stanton, Henry T.","Baltimore;Henry C. Turnbull, Jr.;1871.",,"The Moneyless Man, and Other Poems",,,,,,1834,m,us,,,,1870
loc.ark+=13960=t3nw08094,1871,1871,1871,random,,,"Spalding, Lucy Billings,",Philadelphia;J.B. Lippincott & Co.;1871.,,"The ruined statues, and other poems",,,,,,1839,f,us,,,,1870
uc2.ark+=13960=t8bg2n21x,1889,1889,1889,reviewed,7689964.0,11168588.0,"Levy, Amy,",London;T. Fisher Unwin;1889.,,A London plane-tree,rev,,,1890.0,BM,1861,f,uk,,,,1880
inu.32000000641847,1880,1880,1880,reviewed,6061144.0,2549072.0,"Thomson, James,",London;Reeves and Turner;1880.,,The city of dreadful night,rev,,,1880.0,FR,1834,m,uk,,,,1880
uc1.b167383,1887,1887,1887,reviewed,6642391.0,3937162.0,"Canton, William,",Edinburgh;W. Blackwood;1887.,,A lost epic,rev,pos,,1887.0,BM,1845,m,uk,,,,1880
uc1.b166039,1880,1880,1880,reviewed,6641553.0,24308060.0,"Morris, Lewis,",London;C. Kegan Paul;1880.,,The ode of life,rev,,,1880.0,ATL,1833,m,uk,,,,1880
uc2.ark+=13960=t04x56q61,1884,1884,1884,reviewed,6641347.0,4820562.0,"Robinson, A. Mary F.",Boston;Roberts Brothers;1884.,,The new Arcadia and other poems,rev,neg,,1884.0,ATL,1857,f,uk,"Duclaux, Agnes Mary Frances",,,1880
mdp.39015063753589,1880,1880,1880,reviewed,244525.0,1356896.0,"Arnold, Edwin,",Boston;Robert brothers;1880.,,Poems,rev,,,1881.0,ATL,1832,m,uk,,,,1880
uc2.ark+=13960=t7rn35b8n,1889,1889,1889,reviewed,6058104.0,603074.0,"Blind, Mathilde,",London;Chatto & Windus;1889.,,The ascent of man,rev,,,1889.0,BM,1841,f,uk,,,,1880
mdp.39015059390164,1880,1880,1857,reviewed,115769.0,3069063.0,"Blackie, John Stuart,",Edinburgh;London;W. Blackwood and sons;1880.,,Lays and Legends of Ancient Greece,rev,pos,,1857.0,WR,1809,m,uk,,,,1880
uc1.b4410403,1888,1888,1888,reviewed,7508982.0,1024791.0,"Lowell, James Russell,","Boston;New York;Houghton, Mifflin and Co.;1888.",,Heartsease and rue,rev,pos,elite,1891.0,FR,1819,m,us,,,y,1880
loc.ark+=13960=t9r21qp19,1880,1880,1875,reviewed,9566854.0,,"Gilder, Richard Watson,",New York;C. Scribner's sons;1880.,,The new day,rev,,,1875.0,ATL,1844,m,us,,,,1880
nyp.33433069343402,1887,1887,1887,reviewed,8657816.0,16408879.0,"Sill, Edward Rowland,","Boston;Houghton, Mifflin;1896, c1887;(Cambridge;Riverside Press)",,Poems,rev,,,1888.0,ATL,1841,m,us,,,,1880
loc.ark+=13960=t18k7vr3q,1887,1887,1887,reviewed,8404936.0,3825019.0,"Roche, James Jeffrey,",Boston;Ticknor and Company;1887.,,Songs and satires,rev,,,1887.0,ATL,1847,m,us,,,,1880
nyp.33433075742027,1887,1887,1887,reviewed,8657540.0,16125657.0,"Thomas, Edith Matilda,","Boston;New York;Houghton, Mifflin and Company;1889, c1887;(Cambridge;The Riverside Press).",,Lyrics and sonnets,rev,pos,,1888.0,ATL,1854,f,us,,,,1880
nyp.33433066649108,1887,1887,1887,reviewed,8658921.0,3153405.0,"Perry, Nora,",Boston;Ticknor and Company;1887.,,New songs and ballads,rev,pos,,1887.0,ATL,1831,f,us,,,,1880
loc.ark+=13960=t1zc8q99n,1882,1882,1882,reviewed,9577654.0,,"Spofford, Harriet Elizabeth Prescott,","Boston;Houghton, Mifflin and company;1882.",,Poems,rev,pos,,1882.0,ATL,1835,f,us,,,,1880
uc2.ark+=13960=t9n29q258,1881,1881,1881,reviewed,7657492.0,2719145.0,"Fields, Annie,","Boston;Houghton, Mifflin and company;1881.",,Under the olive,rev,,,1881.0,ATL,1834,f,us,"Fields, Annie Adams",,,1880
njp.32101067004133,1886,1886,1886,random,8955839.0,,"Thom, Robert W.,",Glasgow;Maclaren;1886.,,Poems and ballads,,,,,,1816,m,uk,,,,1880
njp.32101068168077,1880,1880,1880,random,8968415.0,,"Craik, Dinah Maria Mulock,",London;Macmillan;1880.,,Thirty years,,,,,,1826,f,uk,,,,1880
loc.ark+=13960=t3vt2bg76,1882,1882,1882,random,9576347.0,,"[Valentine, Laura Jewry,","Cincinnati, Ohio;P.G. Thomson;c1882.",,The tempest,,,,,,1814,f,uk,,juvenile audience,,1880
mdp.39015055468584,1880,1880,1880,random,1032316.0,,"Greenaway, Kate,",New York;G. Routledge & sons;1880?,,Under the window;,,,,,,1846,f,uk,,juv,,1880
uc2.ark+=13960=t3xs5ms31,1880,1880,1880,random,1186856.0,,"Symonds, John Addington,","London;Smith, Elder;1880.",,New and old,,,,,,1840,m,uk,,,,1880
loc.ark+=13960=t3rv11c37,1889,1889,1889,random,5946475.0,,"Culler, Lucy Yeend.","Burlington, Iowa;Conrad Lutz, Printing and Binding;1889.",,Violet,,,,,,1849,f,uk,,,,1880
uc2.ark+=13960=t6g160f1q,1881,1881,1881,random,7693138.0,,"Thomson, David,",Edinburgh;Thomson;1881.,,Musings among the heather,,,,,,1806,m,uk,,,,1880
uc2.ark+=13960=t5w66g25p,1884,1884,1880,random,7693259.0,,"Turner, Charles Tennyson,",London;Macmillan;1884.,,"Collected sonnets, old and new",,,,,,1808,m,uk,,,,1880
nyp.33433066637236,1886,1886,1886,random,8656257.0,,"Harris, Thomas Lake,","Santa Rosa, Calif.;Fountaingrove Press;1886.",,The joy-bringer,,,,,,1823,m,us,,,,1880
mdp.39015063920428,1887,1887,1887,random,779882.0,,"Kail, Mary E.,","Washington, D. C.;Judd & Detweiler, printers;1887.",,Crown our heroes,,,,,,1828,f,us,,,,1880
loc.ark+=13960=t05x2xf3v,1886,1886,1886,random,9600054.0,,"Greene, Aella,","Holyoke, Mass.;Clark W. Bryan & Company, electrotypers, printers and binders;1886.",,The poetical works of Aella Greene,,,,,,1838,f,us,,,,1880
nyp.33433066626502,1881,1881,1881,random,8657586.0,,"Oberholtzer, Sara Louisa,","Philadelphia;J.B. Lippincott & Co.;1882, c1881.",,Come for Arbutus,,,,,,1841,f,us,,, ,1880
loc.ark+=13960=t6n01p000,1886,1886,1886,random,8656522.0,,"Hale, William,","Biddeford, Me.;Printed at the Biddeford journal office;1886.",,Shore life in song,,,,,,1856,m,us,,,,1880
nyp.33433076013501,1880,1880,1880,random,8656061.0,,"Currier, Moody,","Manchester, N.H.;Mirror Press;1880.",,Early poems,,,,,,1806,m,us,,,,1880
loc.ark+=13960=t5k93n92j,1884,1884,1884,random,7650811.0,,"Baxter, James Phinney,","Portland [Me.;Hoyt, Fogg, and Donham;1884.",,Idyls of the year,,,,,,1831,m,us,,,,1880
njp.32101063702987,1881,1881,1881,random,8918089.0,,"Randolph, Anson D. F.",New York;A.D.F. Randolph & Company;1881,,Easter chimes,,,,,,1820,m,us,,,,1880
uc2.ark+=13960=t26974b8z,1894,1894,1894,reviewed,7693632.0,1112477.0,"Watson, William,","London;John Lane;New York, Macmillan & Co.;1894.",,Odes and other poems,rev,pos,,1895.0,FR,1858,m,uk,,,,1890
uc1.b167484,1894,1894,1894,reviewed,539391.0,4796288.0,"Davidson, John,",London;J.Lane;Boston;Copeland & Day;1894.,,Ballads & songs,rev,,,1895.0,FR,1857,m,uk,,,,1890
uc1.b4107944,1896,1896,1896,reviewed,6157032.0,214927327.0,"Rossetti, Christina Georgina,",London;New York;Macmillan;1896.,,New poems by Christina Rossetti,rev,,,1896.0,BM,1830,f,uk,,,y,1890
njp.32101067628659,1893,1893,1893,reviewed,8961163.0,13778849.0,"Barlas, John Evelyn,",Dundee;J.P. Mathew;1893.,,Selections from Songs of a bayadere and Songs of a troubadour,rev,pos,,1896.0,YB,1860,m,uk,"Douglas, Evelyn",,,1890
uc1.b3546464,1895,1895,1895,reviewed,6672109.0,6566556.0,"Johnson, Lionel Pigot,",London;E. Mathews;Boston;Copeland & Day;1895.,,Poems,rev,pos,,1899.0,FR,1867,m,uk,,, ,1890
uc2.ark+=13960=t1mg7j44g,1890,1890,1890,reviewed,1023187.0,824173.0,"Bridges, Robert,",London;G. Bell;1890.,,The shorter poems of Robert Bridges,rev,,pop,1894.0,FR,1844,m,uk,,,,1890
njp.32101013202740,1892,1892,1890,reviewed,8883653.0,19300524.0,"Kipling, Rudyard,",London;Methuen and Co.;1892;(Edinburgh;T. and A. Constable),,Barrack-room ballads,rev,,pop,1891.0,FR,1865,m,uk,,,y,1890
mdp.39015063542537,1895,1895,1873,reviewed,283393.0,32292356.0,"Austin, Alfred,",London;New York;Macmillan & co.;1895.,,Madonna's child,rev,,,1873.0,FR,1835,m,uk,,,,1890
nyp.33433074874540,1898,1898,1898,reviewed,8663852.0,4354387.0,"Rhys, Ernest,",London;D. Nutt;1898.,,Welsh ballads,rev,pos,,1899.0,FR,1859,m,uk,,,,1890
uc1.b3576647,1897,1897,1897,reviewed,1024642.0,350184.0,"Symons, Arthur,",London;L. Smithers;New York;G.H. Richmond and co.;1897.,,Amoris victima,pub,,,1896.0,SAV,1865,m,uk,,,,1890
mdp.39015063940111,1894,1894,1894,reviewed,321637.0,13024779.0,"Lee-Hamilton, Eugene.",London;E. Stock;1894.,,Sonnets of the wingless hours,rev,,,1895.0,ATL,1845,m,uk,,,,1890
uc2.ark+=13960=t1td9vq8p,1890,1890,1889,reviewed,585366.0,339320.0,"Browning, Robert,","London;Smith, Elder, & co. ...;1890.",,Asolando,rev,pos,,1890.0,BM,1812,m,uk,,,y,1890
njp.32101068604063,1891,1891,1885,reviewed,8973739.0,34196496.0,"Stevenson, Robert Louis,",New York;C. Scribner's Sons;1891.,,A child's garden of verses,rev,pos,,1896.0,FR,1850,m,uk,,juv,,1890
uc1.b167406,1891,1891,1891,reviewed,6642403.0,3317176.0,"Cawein, Madison Julius,",New York;G. P. Putnam's sons;1891.,,Days and dreams,rev,neg,,1891.0,ATL,1865,m,us,,,,1890
uc2.ark+=13960=t0zp3xm93,1894,1894,1894,reviewed,7674510.0,8912486.0,"Tabb, John B.","Boston;Small;1900, c1894.",,Poems,rev,,,1895.0,ATL,1845,m,us,,,,1890
uc2.ark+=13960=t5n875h7n,1892,1892,1892,reviewed,6641083.0,3334273.0,"Dorr, Julia C. R.",New York;C. Scribner's Sons;1892.,,Poems,rev,,,1893.0,ATL,1825,f,us,,,,1890
loc.ark+=13960=t2891p34v,1891,1891,1891,reviewed,6641614.0,10831808.0,"Cone, Helen Gray,","Boston;New York;Houghton, Mifflin and Company;1891;(Cambridge [Mass.;The Riverside Press).",,The ride to the lady,rev,pos,,1891.0,ATL,1859,f,us,,,,1890
loc.ark+=13960=t4dn4r64d,1897,1897,1897,reviewed,9593667.0,,"Stedman, Edmund Clarence,","Boston;New York;Houghton, Mifflin and Co.;1897.",,"Poems, now first collected",rev,,,1898.0,ATL,1833,m,us,,,,1890
nyp.33433066626783,1890,1890,1890,reviewed,242114.0,3716980.0,"Moulton, Louise Chandler,",Boston;Roberts bros.;1890.,,In the garden of dreams,rev,pos,,1893.0,FR,1835,f,us,,,,1890
uc2.ark+=13960=t1hh6d09g,1892,1892,1892,reviewed,7663358.0,4890096.0,"Johnson, Robert Underwood,",New York;The Century co.;1892.,,"The winter hour, and other poems",rev,,,1893.0,ATL,1853,m,us,,,,1890
uc1.b4382847,1891,1891,1891,reviewed,8658397.0,494513.0,"Reese, Lizette Woodworth,","Boston;New York;Houghton, Mifflin and Company;1891.",,A handful of lavender,rev,,,1891.0,ATL,1856,f,us,,,,1890
nyp.33433075838023,1895,1895,1895,reviewed,8658014.0,16124963.0,"Stoddard, Elizabeth,","Boston and;New York;Houghton, Mifflin and Company;1895;(Cambridge;The Riverside Press).",,Poems,rev,pos,,1896.0,ATL,1823,f,us,,,,1890
uva.x030758864,1892,1892,1892,reviewed,9775909.0,317331196.0,"Lüders, Charles Henry,",New York;C. Scribner's sons;1892.,,The dead nymph,rev,pos,,1893.0,ATL,1858,m,us,,,,1890
loc.ark+=13960=t5k93s659,1894,1894,1894,reviewed,7676917.0,3102553.0,"Williams, Francis Howard,",New York;London;G. P. Putnam's sons;1894,,The flute-player and other poems,rev,,,1895.0,ATL,1844,m,us,,,,1890
mdp.39015003700393,1893,1893,1893,reviewed,1398575.0,2040330.0,"Garland, Hamlin,","Cambridge [Mass.;and Chicago, Stone and Kimball;1893.",,Prairie songs: being chants rhymed and unrhymed of the level lands of the great West,rev,,,1895.0,ATL,1860,m,us,,,,1890
uc2.ark+=13960=t6zw19s10,1892,1892,1892,reviewed,9260502.0,1672767.0,"Field, Eugene,",Chicago;M.E. Stone;1892.,,Second book of verse,rev,,,1893.0,ATL,1850,m,us,,,,1890
uc1.b2834136,1892,1892,1892,random,7344843.0,,"Kinloch, Marjory G. J.","London;K. Paul, Trench, Trübner;1892.",,A song-book of the soul,,,,,,1846,f,uk,,,,1890
uc2.ark+=13960=t14m91w7c,1895,1895,1895,random,7660685.0,,"Groser, Horace George.","Edinburgh;A. Melrose;dedication, 1895",,Little folks land,,,,,,1863,m,uk,,not actually juvenile audience,,1890
njp.32101049721457,1896,1896,1896,random,8897590.0,,"Ainslie, R. St. John",Leeds;R. Jackson;1896.,,Sedbergh school songs,,,,,,1861,m,uk,,,,1890
mdp.39015063937810,1894,1894,1871,random,246395.0,,"Mackay, Eric,",New York [etc.;Brentano's;1894,,Love letters of a violinist,,,,,,1851,m,uk,,,,1890
uc2.ark+=13960=t7fq9w84p,1893,1893,1893,random,6509049.0,,"Scott, William Bell,",London;Elkin Mathews & John Lane;1893.,,A poet's harvest home,,,,,,1811,m,uk,,,,1890
mdp.39015059422017,1894,1894,1894,random,482611.0,,"Japp, Alexander H.",London;Chatto & Windus;1894.,,Dramatic pictures,,,,,,1839,m,uk,,,,1890
uc2.ark+=13960=t9280b81v,1897,1897,1897,random,,,"Green, Septimus G.",London;E. Stock;1897.,s,Jennifred,,,,,,,m,uk,,,,1890
uc2.ark+=13960=t88g8mb7n,1892,1892,1892,random,,,"Daniel, H. C.",London;Morgan;1892.,,Love's minstrel,,,,,,,m,uk,,,,1890
nyp.33433074901194,1897,1897,1897,random,7689169.0,,"Howard, Henry Newman,",London;E. Stock;1897.,,Footsteps of Proserpine and other verses and interludes,,,,,,1861,m,uk,,,,1890
uc2.ark+=13960=t3222ww5h,1894,1894,1894,random,7507454.0,,"Image, Selwyn,",London;Elkin Matthews;1894.,,Poems & carols,,,,,,1849,m,uk,,,,1890
uc2.ark+=13960=t23b62184,1892,1892,1892,random,7689858.0,,"Le Gallienne, Richard,",London;Elkin Mathews and John Lane;New York;Cassell;1892.,,English poems,,,,,,1866,m,uk,,,,1890
mdp.39015000544554,1894,1894,1894,random,1398769.0,,"Thompson, Francis,",London;E. Mathews & John Lane;Boston;Copeland & Day;1894.,v.1,Poems,,,,,,1859,m,uk,,Well-known,,1890
uc1.b166365,1898,1898,1898,random,6641768.0,,"Latymer, Francis Burdett Thomas Coutts-Nevill,",London;New York;John Lane;1898.,,The Alhambra and other poems,,,,,,1852,m,uk,,,,1890
loc.ark+=13960=t57d3p237,1893,1893,1893,random,9560098.0,,"Roberts, Betsey Ann Smith.","Patchogue, New York;Patchogue Advance Print;1893.",,Original poems,,,,,,1828,f,us,,,,1890
nyp.33433074802640,1897,1897,1897,random,8657038.0,,"Young, Claiborne Addison.",Boston;Estes & Lauriat;1897.,,Way songs and wanderings,,,,,,1843,m,us,,,,1890
loc.ark+=13960=t3xs6b07q,1894,1894,1894,random,9608950.0,,"Choate, Clara Elizabeth. [from old catalog]",Boston;Lee and Shepard;1894,,Songs of truth,,,,,,1851,f,us,,,,1890
wu.89099777773,1890,1890,1883,random,8995994.0,,"Croffut, W. A.",New York;H. Holt and Company;1890.,,A midsummer lark,,,,,,1835,m,us,,,,1890
loc.ark+=13960=t6k07vz1r,1890,1890,1890,random,9605969.0,,"Stone, Jasper Jay. [from old catalog]","Caney, Kan.;1890",,The veteran's qualifications for civil service,,,,,,,m,us,,,,1890
loc.ark+=13960=t3zs39k35,1891,1891,1889,random,9585464.0,,"Crosby, Powell R. [from old catalog]","East Saginaw, Mich.;Seemann & Peters, printers;1891",,"Po Crosby's Labor odes, containing twenty-five beautiful odes",,,,,,1849,m,us,,,,1890
uc2.ark+=13960=t0vq2sd89,1898,1898,1898,random,7667733.0,,"Olmsted, Charles Sanford,",Philadelphia;G. W. Jacobs & co.;1898.,,December musings and other poems,,,,,,1853,m,us,,,,1890
loc.ark+=13960=t63495d13,1893,1893,1892,random,9574797.0,,"Carleton, Will,",New York;Harper & brothers;1893.,,City festivals,,,,,,1845,m,us,,,,1890
nyp.33433082128426,1893,1893,1893,random,8613371.0,,"Currie, George G.",Montréal;John Lovell;1893.,,How I once felt,,,,,,1867,m,us,,,,1890
loc.ark+=13960=t9183w60x,1895,1895,1895,random,6516864.0,,"Savage, Richard,",Chicago and New York;F. T. Neely;1895.,,After many years,,,,,,1846,m,us,,,,1890
loc.ark+=13960=t2g740b7g,1891,1891,1891,random,9558911.0,,"[Loomis, George],","Parkersburg, W.Va.;1891",,Memorial or Decoration day,,,,,,1824,m,us,,,,1890
loc.ark+=13960=t1cj90444,1896,1896,1896,random,9594736.0,,"Ramsey, V. G.",Boston;The Morning Star Publishing House;1896.,,A censer;,,,,,,1817,f,us,,,,1890
uc1.b274729,1894,1894,1894,random,6518179.0,,"Thayer, William Roscoe,",Boston;New York;Houghton Mifflin company;1894.,,Poems;,,,,,,1859,m,us,,,,1890
uc2.ark+=13960=t9c53mb7v,1901,1901,1900,reviewed,474669.0,5035217.0,"Binyon, Laurence,",London;Unicorn Press;1901.,,Odes,rev,,elite,1900.0,FR,1869,m,uk,,,,1900
mdp.39015066062160,1902,1902,1896,reviewed,484306.0,360509.0,"Housman, A. E.",Philadelphia;Henry Altemus company;1902?].,,A Shropshire lad,rev,pos,,1898.0,FR,1859,m,uk,,,y,1900
uc2.ark+=13960=t3707xn1m,1902,1902,1902,reviewed,7654606.0,249986.0,"Carryl, Guy Wetmore,","Boston;and New York;Houghton, Mifflin & Co.;1902",,Grimm tales made gay,rev,pos,,1903.0,ATL,1873,m,us,,,,1900
uc2.ark+=13960=fk5p84448t,1902,1902,1902,reviewed,8658129.0,9841814.0,"Taylor, Bert Leston,",Evanston [Ind.;W.S. Lord;1902.,,Line-o'-type lyrics,rev,pos,pop,1902.0,ATL,1866,m,us,,,,1900
nyp.33433074891130,1907,1907,1903,random,8663209.0,,"Noyes, Alfred,","New York;The Macmillan company;London;Macmillan & co., ltd.;1907.",,The flower of old Japan,,,,,,1880,m,uk,,,,1900
uc1.b3312256,1902,1902,1902,random,6130530.0,,"Payne, John,",London;Printed for the Villon Society;1902;(Leyden (Holland);Printed by E.J. Brill),v.1,The poetical works of John Payne,,,,,,1842,m,uk,,,,1900
nyp.33433075808877,1901,1901,1901,random,6641440.0,,"McMahon, Patrick Maurice,",San Francisco;Stanley-Taylor Co.;1901.,,From fair Hawaiiland;,,,,,,1862,m,us,,,,1900
uc1.b3315087,1900,1900,1878,random,6130679.0,,"Riley, James Whitcomb,",Indianapolis;Bobbs-Merrill;c1900,,The flying islands of the night,,,,,,1849,m,us,,Well-known,,1900
uc1.b3340220,1918,1918,1918,reviewed,7917249.0,12688503.0,"Nightingale, M.",Oxford [Oxfordshire;B.H. Blackwell;1918.,,Verses wise and otherwise,rev,neg,,1919.0,EGO,1879,f,uk,,,,1910
uc2.ark+=13960=t5k93645c,1914,1914,1914,reviewed,1025611.0,5198135.0,"Monro, Harold,",London;Poetry Bookshop;1914.,,Children of love,rev,,,1914.0,EGO,1879,m,uk,,,,1910
uc1.b4100590,1918,1918,1918,reviewed,6154122.0,2143179.0,"Waugh, Alec,",London;G. Richards;1918.,,Resentment,rev,,,1918.0,EGO,1898,m,uk,,,,1910
uc2.ark+=13960=t6k070h7g,1918,1918,1918,reviewed,6607061.0,2809404.0,"Farjeon, Eleanor,","Oxford;B.H. Blackwell;New York;Sold in America by Longmans, Green;1918",,Sonnets and poems,rev,,,1918.0,EGO,1881,f,uk,,,,1910
uc2.ark+=13960=t12n5658q,1915,1915,1915,reviewed,7694830.0,1729410.0,"Cornford, Frances Darwin,",London;Poetry Bookshop;1915.,,Spring morning,rev,neg,,1915.0,EGO,1886,f,uk,,,,1910
uc2.ark+=13960=t4cn71f36,1911,1911,1907,reviewed,6634051.0,9177416.0,"Ainslie, Douglas,",London;A. Constable;Elkin Mathews;1911,,Mirage,pub,,,1907.0,FR,1865,m,uk,,,,1910
mdp.39015059421811,1917,1917,1872,reviewed,205157.0,65987399.0,"Hake, Thomas Gordon,",London;E. Mathews;1917.,,Parables & tales,rev,pos,,1873.0,FR,1809,m,uk,,,,1910
uc1.b3332871,1914,1914,1914,reviewed,7924703.0,1296560.0,"Bangs, John Kendrick,",New York;Macmillan;1914.,,The foothills of Parnassus,rev,neg,,1914.0,PMV,1862,m,us,,,,1910
nyp.33433074800131,1911,1911,1911,reviewed,8656854.0,2046049.0,"Wilkinson, Marguerite Ogden Bigelow,","Boston;Sherman, French & company;1911.",,In vivid gardens; songs of the woman spirit,rev,,,1913.0,PMV,1883,f,us,,,,1910
mdp.39015012978758,1916,1916,1916,reviewed,1029355.0,486117.0,"Seeger, Alan,",New York;C. Scribner's sons;1916.,,Poems,rev,,,1917.0,EGO,1888,m,us,,,,1910
mdp.39015063931839,1912,1912,1912,reviewed,246795.0,3945103.0,"How, Louis,","Boston;Sherman, French & company;1912.",,The youth replies,rev,,,1913.0,PMV,1873,m,us,,,,1910
uc2.ark+=13960=t92807683,1913,1913,1913,reviewed,7676720.0,5294931.0,"Wheelock, John Hall,","Boston;Sherman, French;1913.",,Love and liberation;,rev,neg,,1914.0,PMV,1886,m,us,,,,1910
mdp.39015000595614,1914,1914,1914,reviewed,1376256.0,5104656.0,"Oppenheim, James,",New York;The Century co.;1914.,,"Songs, for the new age",rev,,,1914.0,PMV,1882,m,us,,,,1910
uc2.ark+=13960=t5h98zx14,1912,1912,1912,reviewed,,,"Lowell, Amy,",Boston;Houghton Mifflin Co.;1912.,,A dome of many-colored glass,rev,,,1914.0,EGO,1874,f,us,,,y,1910
mdp.39015063915642,1916,1916,1916,random,282252.0,,"Bashford, H. H.",Boston;New York;Houghton Mifflin company;1916.,,Songs out of school,,,,,,1880,m,uk,,,,1910
mdp.39015008296884,1918,1918,1918,random,1187193.0,,"Thomas, Edward,",London;Selwyn & Blount;1918.,,Last poems,,,,,,1878,m,uk,,Well-known,y,1910
uc2.ark+=13960=t9862dr88,1912,1912,1910,random,7654437.0,,"Campbell, Archibald Y.","Cambridge;W. Heffer;London;Simpkin, Marshall;1912.",,Poems,,,,,,1885,m,uk,,,,1910
uc2.ark+=13960=t5p848b89,1914,1914,1914,random,7686075.0,,"Bonus, John,",London;Longmans;1914.,,Thoughts in verse for my friends,,,,,,1828,m,uk,,,,1910
mdp.39015063919453,1914,1914,1914,random,779417.0,,"Gale, Norman,",London;MacMillan and co.;1914.,,Collected poems,,,,,,1862,m,uk,,,,1910
mdp.39015008529144,1915,1915,1915,random,583940.0,,"Brooke, Rupert,",New York;John Lane company;1915.,,The collected poems of Rupert Brooke,,,,,,1887,m,uk,,,y,1910
njp.32101067680247,1918,1918,1918,random,8963885.0,,"Carmichael, Amy,",Edinburgh;Oliphant;1918,,Made in the pans,,,,,,1867,f,uk,,,,1910
loc.ark+=13960=t3nv9z201,1917,1917,1917,random,9590157.0,,"Kirk, Annie (Brindley),",Detroit;1917,,Inspirational poems,,,,,,1855,f,us,,,,1910
loc.ark+=13960=t85h8fd4f,1916,1916,1916,random,11210368.0,,"White, Charles Edward,","Syracuse, N.Y.;John Single Paper Co., printers;c1916",,Poems of school and life,,,,,,1848,m,us,,,,1910
uc1.b3342759,1919,1919,1919,random,7930862.0,,"Wigren, Bessie C.",Boston;The Poet Lore Company;c1919,,Summer wind,,,,,,1874,f,us,,,,1910
loc.ark+=13960=t6834m35p,1913,1913,1913,random,9577242.0,,"Raymond, George Lansing,",New York [etc.;G. P. Putnam's sons;1913.,,The mountains about Williamstown,,,,,,1839,m,us,,,,1910
nyp.33433045638883,1916,1916,1905,random,6130699.0,,"Hay, John,",Boston;Houghton Mifflin company;1916.,,The complete poetical works of John Hay,,,,,,1838,m,us,,,,1910
uc2.ark+=13960=t52f7m21r,1913,1913,1913,random,6517156.0,,"Fare, John Thomas,","Los Angeles, Cal.;Grafton Publishing Company;c1913",,In the wilderness,,,,,,1859,m,us,,,,1910
loc.ark+=13960=t40s0803k,1918,1918,1918,random,9568238.0,,"Jenness, Burt Franklin,","Boston, The Cornhill Company;c1918",,Man-o'-war rhymes,,,,,,1876,m,us,,,,1910
